student_id,cgpa,ssc_percentage,hsc_percentage,branch,specialization,internships,projects,certifications,dsa_score,communication_score,backlogs,extra_curricular,placed,salary_lpa
1,7.75,85.01,55.92,Civil,Web Dev,0,1,1,40.6,37.6,0,1,1,5.49
2,7.18,73.04,66.4,IT,Data Science,1,2,3,53.9,46.7,0,0,0,
3,7.88,70.64,70.86,IT,Web Dev,2,1,3,40.6,45.0,1,0,0,
4,8.67,77.97,93.88,IT,Web Dev,0,2,0,48.7,49.4,0,1,0,
5,7.09,76.47,80.57,MCA,AI/ML,0,4,1,64.0,56.8,0,0,0,
6,7.09,73.92,61.65,CSE,AI/ML,1,2,2,70.2,57.7,1,1,0,
7,8.72,84.27,79.86,Mech,Data Science,1,6,1,28.2,75.0,1,0,0,
8,7.99,86.6,59.53,CSE,Core/Other,2,3,3,59.7,68.3,0,1,1,8.52
9,6.88,78.8,85.83,Mech,Data Science,2,4,2,48.3,36.5,0,0,1,7.35
10,7.79,91.3,70.29,CSE,Cloud/DevOps,1,6,2,47.0,66.2,0,0,1,8.0
11,6.88,67.72,74.06,ECE,Web Dev,1,1,0,62.7,69.8,0,0,0,
12,6.88,76.26,88.26,Mech,Web Dev,4,1,1,49.0,60.1,0,1,1,7.76
13,7.52,71.55,62.13,CSE,AI/ML,3,3,2,87.6,64.1,0,1,1,9.0
14,5.58,61.2,61.03,Civil,Core/Other,2,0,1,83.8,67.9,0,1,0,
15,5.75,77.26,69.16,IT,AI/ML,1,1,1,83.6,76.5,0,0,0,
16,6.79,76.9,85.38,Civil,Cloud/DevOps,0,2,1,50.1,41.4,1,0,0,
17,6.39,91.62,59.81,ECE,Data Science,0,0,6,40.8,61.3,0,1,0,
18,7.58,83.68,46.68,IT,Data Science,1,2,0,61.6,87.6,0,1,0,
19,6.48,68.78,70.49,CSE,Core/Other,2,4,0,57.0,86.2,2,1,0,
20,6.03,94.69,80.52,IT,AI/ML,1,3,2,47.8,77.8,0,0,0,
21,8.62,88.99,87.0,CSE,AI/ML,0,2,5,36.5,73.1,0,0,1,7.77
22,7.1,83.24,70.37,CSE,Cloud/DevOps,3,4,1,59.2,89.8,0,0,1,6.65
23,7.36,75.96,70.89,CSE,Data Science,1,3,1,51.9,93.8,0,0,1,8.28
24,6.02,69.37,86.54,IT,AI/ML,0,1,3,73.8,63.1,0,1,0,
25,6.81,74.65,56.3,ECE,Core/Other,0,5,1,73.3,50.5,0,1,1,5.3
26,7.4,87.8,71.11,CSE,Data Science,0,2,0,82.0,60.9,0,0,0,
27,6.26,94.96,76.9,CSE,Cloud/DevOps,0,0,1,34.8,100.0,0,0,0,
28,7.64,91.89,79.49,ECE,Core/Other,0,2,0,68.0,41.5,0,0,0,
29,6.76,73.6,69.9,CSE,Web Dev,1,2,1,45.5,57.9,0,1,0,
30,7.04,67.92,75.34,CSE,Cloud/DevOps,0,2,3,35.6,43.8,0,1,0,
31,6.76,79.27,50.12,CSE,Core/Other,0,2,1,51.4,66.9,0,0,0,
32,8.97,62.08,68.42,Civil,AI/ML,1,1,2,81.4,47.0,1,1,1,8.38
33,7.29,80.91,79.54,Mech,Web Dev,2,0,2,52.6,63.4,0,0,1,7.37
34,6.35,76.67,65.18,IT,Cloud/DevOps,1,1,2,91.3,35.7,0,0,1,4.36
35,8.04,73.81,75.59,ECE,AI/ML,1,3,1,71.0,74.3,0,1,1,7.97
36,6.2,63.65,79.47,MCA,Web Dev,0,5,2,52.1,83.3,0,1,1,5.43
37,7.49,82.62,71.57,ECE,Data Science,0,3,1,83.2,59.2,0,1,1,5.92
38,5.54,73.21,76.7,ECE,AI/ML,1,4,0,68.9,63.0,0,0,0,
39,6.1,67.47,65.37,MCA,Core/Other,0,0,0,41.3,62.5,0,0,0,
40,7.48,52.15,72.93,CSE,Cloud/DevOps,3,2,3,97.2,67.7,0,0,1,7.52
41,7.96,77.75,81.1,CSE,Web Dev,2,3,2,65.2,64.4,0,0,1,9.12
42,7.45,93.95,76.57,IT,AI/ML,1,2,1,60.4,76.5,0,0,1,8.02
43,7.2,92.95,69.13,Mech,Data Science,1,3,0,42.9,83.5,0,0,1,5.92
44,7.03,73.89,77.24,MCA,Cloud/DevOps,1,6,2,83.6,52.8,0,0,0,
45,5.97,72.58,82.15,Mech,Cloud/DevOps,1,2,1,70.3,60.4,1,0,0,
46,6.65,82.22,54.5,Civil,AI/ML,2,1,1,72.6,78.5,0,1,0,
47,6.89,69.01,86.59,CSE,Data Science,2,2,1,49.8,43.7,1,1,0,
48,8.25,80.72,71.64,ECE,Web Dev,1,1,2,76.7,35.4,0,1,1,8.81
49,7.61,84.89,79.25,ECE,AI/ML,0,2,3,78.2,68.4,0,0,1,6.32
50,5.71,89.04,86.97,Civil,Web Dev,0,1,3,46.6,72.4,0,0,0,
51,7.59,77.1,61.28,Civil,Cloud/DevOps,0,3,0,31.7,54.2,0,0,1,7.63
52,6.95,76.17,67.91,ECE,Web Dev,0,0,2,71.6,56.3,0,0,0,
53,6.69,70.1,72.11,CSE,Data Science,1,3,3,28.5,53.6,0,0,0,
54,7.85,70.56,67.16,ECE,Core/Other,2,3,3,63.0,52.0,0,0,1,8.47
55,8.23,75.96,92.35,CSE,Data Science,3,4,2,51.1,75.4,0,1,1,8.85
56,8.14,81.31,66.43,ECE,Web Dev,0,1,1,84.4,47.3,0,1,1,6.85
57,6.54,86.22,69.44,Mech,AI/ML,4,0,2,52.1,61.0,0,0,1,7.08
58,7.02,70.77,77.04,IT,Cloud/DevOps,1,1,2,82.1,51.4,0,1,0,
59,7.6,91.43,62.98,MCA,Core/Other,0,6,1,49.7,43.2,0,0,0,
60,8.18,75.56,71.04,IT,AI/ML,1,2,1,80.0,78.1,0,1,1,8.61
61,6.87,77.81,78.17,IT,AI/ML,2,1,1,100.0,57.2,2,1,0,
62,7.13,71.28,71.67,IT,Data Science,3,2,3,38.6,67.8,0,1,0,
63,6.3,56.18,74.07,ECE,Web Dev,0,1,1,65.8,42.4,0,0,0,
64,6.22,85.96,69.71,Civil,Data Science,1,3,0,100.0,53.9,0,0,0,
65,8.03,84.63,59.86,Civil,Web Dev,0,2,1,61.3,76.3,0,0,1,7.76
66,8.52,75.47,78.22,CSE,Data Science,1,0,5,61.2,100.0,0,0,1,7.22
67,7.24,78.6,92.55,Mech,AI/ML,1,2,0,75.8,35.4,0,1,0,
68,8.2,82.64,75.18,ECE,Cloud/DevOps,2,3,0,60.8,62.0,0,1,1,5.47
69,7.63,63.94,77.25,CSE,Web Dev,0,3,1,25.9,71.2,0,1,0,
70,6.72,73.24,81.93,CSE,Core/Other,2,3,3,82.6,55.8,0,0,1,8.83
71,7.63,85.15,62.31,CSE,Core/Other,0,1,1,19.9,77.7,0,1,0,
72,8.68,66.71,92.03,Mech,AI/ML,0,0,1,51.7,52.0,0,0,0,
73,7.27,80.64,77.02,MCA,Data Science,4,1,1,84.1,67.3,0,0,1,6.95
74,8.71,65.79,91.32,ECE,Data Science,1,3,0,52.9,57.2,1,1,1,6.59
75,5.0,82.2,67.67,CSE,AI/ML,1,5,1,46.1,83.3,0,0,0,
76,8.04,77.68,93.18,ECE,Core/Other,0,1,1,77.6,54.9,0,0,0,
77,7.38,63.46,82.75,CSE,Core/Other,2,2,1,43.0,59.7,0,0,1,6.57
78,7.03,88.48,80.53,IT,Data Science,2,2,1,35.6,79.2,0,1,1,5.71
79,7.38,71.39,77.34,MCA,Web Dev,2,0,1,65.5,49.6,0,1,0,
80,5.51,70.71,72.51,CSE,Cloud/DevOps,0,0,0,56.3,66.0,0,0,0,
81,7.1,79.81,87.01,Mech,Web Dev,0,0,1,35.1,37.7,0,1,1,5.05
82,7.62,88.34,76.4,CSE,Core/Other,3,0,1,72.7,48.7,0,1,1,6.29
83,8.63,68.86,55.33,ECE,Web Dev,3,1,1,69.3,70.7,0,1,1,6.56
84,6.83,78.56,63.83,IT,Cloud/DevOps,2,2,1,52.8,50.1,0,0,0,
85,6.57,81.86,73.14,MCA,Web Dev,1,3,4,54.2,56.8,0,1,1,6.83
86,6.85,84.24,78.1,CSE,Web Dev,1,6,0,69.4,72.4,0,1,0,
87,8.12,79.59,74.43,CSE,Web Dev,1,3,0,83.8,56.3,0,0,0,
88,7.6,74.7,87.19,Mech,Web Dev,1,2,1,54.3,77.3,0,0,0,
89,6.82,70.55,55.49,CSE,AI/ML,0,2,0,73.1,68.2,0,0,0,
90,7.76,78.78,76.44,Mech,Core/Other,3,1,1,71.3,71.5,1,0,1,10.44
91,7.39,68.35,56.82,Civil,Cloud/DevOps,3,1,0,77.6,83.6,0,0,0,
92,8.17,51.71,82.6,CSE,Core/Other,3,3,2,60.8,69.8,0,0,0,
93,6.67,81.93,74.06,CSE,AI/ML,0,1,2,41.8,88.1,0,0,1,4.19
94,7.01,86.14,79.2,ECE,AI/ML,1,0,1,50.8,78.7,0,0,1,4.54
95,6.95,56.73,66.36,Civil,AI/ML,0,0,1,66.9,57.1,1,0,0,
96,5.98,68.91,87.79,Mech,AI/ML,0,3,0,96.4,84.4,0,1,1,6.83
97,7.57,83.57,85.42,MCA,Web Dev,1,2,0,50.3,69.0,0,1,1,7.31
98,7.53,96.52,80.84,ECE,Core/Other,1,2,3,76.1,59.1,0,0,1,9.31
99,7.3,78.19,73.7,CSE,Data Science,1,5,3,53.4,69.2,0,0,1,6.68
100,7.09,71.45,80.8,Civil,Cloud/DevOps,0,2,1,62.2,81.7,0,0,1,4.24
101,6.03,76.35,67.93,Civil,AI/ML,2,0,0,90.3,71.8,0,0,0,
102,6.92,90.37,83.56,CSE,Core/Other,1,5,3,75.3,92.3,0,0,1,5.32
103,6.99,72.19,91.49,IT,AI/ML,3,2,2,35.2,81.3,0,1,1,5.2
104,6.58,70.81,85.71,CSE,AI/ML,1,1,0,48.6,72.8,0,0,0,
105,7.15,73.66,67.7,CSE,AI/ML,2,4,3,85.1,49.6,0,1,0,
106,7.66,69.42,78.61,Mech,AI/ML,1,4,0,62.8,62.3,2,1,0,
107,9.0,79.1,62.07,IT,AI/ML,1,4,2,37.0,66.1,0,0,1,7.28
108,7.46,92.62,80.72,CSE,Cloud/DevOps,1,4,2,43.6,75.4,1,0,0,
109,7.53,80.91,79.51,IT,Core/Other,2,0,0,74.1,74.6,0,0,1,7.4
110,7.23,75.73,56.3,Civil,AI/ML,1,3,2,79.9,67.5,0,0,0,
111,5.57,75.37,63.38,MCA,AI/ML,1,0,3,60.4,66.8,0,0,0,
112,7.28,63.93,72.17,IT,AI/ML,2,0,1,100.0,75.8,0,1,1,8.2
113,7.35,85.95,71.99,CSE,AI/ML,2,4,0,76.5,52.1,0,1,1,8.06
114,9.52,77.3,62.91,Civil,Web Dev,0,5,1,55.1,90.4,0,1,1,8.3
115,7.13,76.38,78.89,Mech,Web Dev,2,2,3,43.7,34.3,0,0,1,8.54
116,7.57,99.0,77.51,IT,Data Science,0,1,3,40.5,86.8,0,0,0,
117,7.27,80.69,73.06,CSE,AI/ML,0,1,5,66.7,64.3,0,0,1,6.64
118,6.25,71.23,67.44,CSE,Data Science,1,1,2,50.2,80.0,1,0,0,
119,8.33,74.16,85.49,CSE,Cloud/DevOps,2,3,1,93.5,70.5,0,0,1,10.21
120,7.98,88.34,91.55,MCA,Data Science,1,1,2,89.3,70.2,0,1,1,9.21
121,8.01,79.02,70.16,Civil,Core/Other,1,1,3,72.7,73.3,0,0,0,
122,6.48,65.06,68.88,MCA,Web Dev,2,0,2,36.4,77.1,0,1,0,
123,8.56,86.27,79.91,Mech,Web Dev,0,2,2,46.6,60.1,0,1,1,6.12
124,6.04,71.99,71.42,IT,AI/ML,1,0,1,85.1,80.5,0,0,0,
125,7.83,94.86,73.61,ECE,AI/ML,2,6,1,48.7,48.7,0,1,1,9.03
126,9.27,87.72,82.4,ECE,Cloud/DevOps,2,1,1,82.4,64.9,0,0,1,9.41
127,6.41,73.97,55.91,CSE,Cloud/DevOps,1,3,3,69.5,77.5,0,0,0,
128,6.79,89.53,88.18,IT,Core/Other,0,7,0,61.0,79.9,0,1,1,3.93
129,7.39,78.61,75.73,MCA,AI/ML,1,0,0,45.9,71.9,0,0,0,
130,6.85,85.67,70.89,CSE,AI/ML,1,3,3,58.1,59.1,0,1,1,7.09
131,5.9,82.36,74.11,IT,Cloud/DevOps,1,0,3,63.8,78.5,0,1,0,
132,7.36,70.38,74.62,MCA,Cloud/DevOps,0,2,3,80.7,55.0,0,1,1,8.3
133,6.34,72.21,57.69,Civil,Cloud/DevOps,1,1,1,42.3,91.3,0,1,1,5.28
134,7.73,87.27,89.95,MCA,Web Dev,1,1,1,54.7,63.7,0,0,0,
135,6.47,74.99,75.41,Mech,Data Science,1,2,0,60.9,41.9,1,0,0,
136,8.69,74.37,79.43,IT,Data Science,0,0,1,73.3,47.1,0,0,1,8.34
137,6.6,69.4,84.52,ECE,AI/ML,0,1,0,41.8,65.7,2,0,0,
138,7.01,81.81,64.79,MCA,Web Dev,2,1,1,33.7,67.1,2,0,1,7.26
139,8.03,96.56,79.73,Mech,Cloud/DevOps,0,4,3,73.5,94.5,0,1,1,8.3
140,6.19,68.39,72.32,IT,AI/ML,1,3,3,29.6,49.4,0,0,0,
141,7.5,78.22,83.47,MCA,Web Dev,2,0,2,85.7,65.6,0,1,1,8.18
142,8.48,90.71,53.73,MCA,Core/Other,0,8,0,56.9,49.1,0,1,1,8.37
143,5.85,77.28,74.01,IT,Web Dev,2,1,2,29.0,57.6,0,0,0,
144,7.47,82.07,68.97,CSE,AI/ML,1,2,1,50.4,90.3,0,0,0,
145,7.53,68.44,79.32,CSE,Data Science,0,2,1,67.6,48.0,2,0,0,
146,8.0,81.85,79.7,CSE,Cloud/DevOps,0,2,2,49.3,73.8,0,0,1,7.49
147,6.19,76.32,67.92,Mech,Core/Other,0,2,2,60.4,70.9,0,0,0,
148,6.11,86.87,67.88,CSE,Web Dev,2,3,3,74.8,64.6,0,0,0,
149,7.77,88.69,73.89,CSE,AI/ML,0,0,0,56.0,72.8,0,1,1,7.71
150,7.57,99.0,66.03,ECE,AI/ML,1,1,1,41.3,47.6,0,0,0,
151,7.53,83.22,83.42,IT,Cloud/DevOps,1,2,0,54.0,89.8,0,1,0,
152,7.61,80.93,71.31,MCA,AI/ML,1,3,3,88.3,93.9,1,1,1,9.65
153,6.69,79.75,45.93,CSE,AI/ML,0,2,1,93.7,65.7,0,0,0,
154,7.51,74.82,71.25,Civil,Cloud/DevOps,0,1,0,19.6,100.0,0,0,0,
155,7.56,81.05,64.61,Mech,Core/Other,0,3,0,81.8,59.0,0,1,1,7.0
156,6.66,75.34,58.69,Mech,Data Science,1,1,1,65.0,71.0,0,1,0,
157,8.98,79.52,62.63,IT,Data Science,0,2,2,78.5,86.5,0,0,1,9.58
158,7.73,89.86,76.09,ECE,Web Dev,0,6,0,49.0,58.1,0,0,0,
159,6.23,68.94,88.29,CSE,Core/Other,1,3,3,24.6,44.3,0,0,0,
160,7.89,88.26,78.13,CSE,Web Dev,2,0,1,71.7,40.8,0,0,1,9.61
161,6.42,89.85,68.93,CSE,Data Science,3,2,3,41.2,95.9,0,0,0,
162,8.01,76.94,79.56,MCA,Cloud/DevOps,0,4,1,32.2,57.1,2,0,0,
163,8.34,58.9,70.41,IT,AI/ML,0,0,0,33.6,62.2,0,1,0,
164,6.56,72.53,68.05,MCA,Data Science,2,3,3,72.0,48.3,0,0,1,8.13
165,8.17,89.67,63.46,CSE,Core/Other,0,3,2,62.8,79.2,0,0,1,6.13
166,7.67,77.79,57.48,IT,Data Science,2,3,1,75.6,53.3,0,0,1,7.83
167,8.04,69.01,71.1,ECE,Core/Other,1,2,2,73.4,57.6,0,1,1,7.64
168,9.01,73.46,76.58,IT,Core/Other,3,3,2,51.6,69.5,0,0,1,9.5
169,7.08,85.57,74.03,ECE,Core/Other,2,0,3,58.6,49.0,0,1,0,
170,6.62,82.92,70.84,CSE,Web Dev,1,3,1,49.8,62.3,0,0,0,
171,6.5,75.85,65.54,Mech,Cloud/DevOps,2,1,1,55.8,86.0,1,0,0,
172,6.57,74.7,81.08,MCA,Data Science,1,5,0,40.7,71.4,0,0,0,
173,7.23,74.47,61.83,CSE,Cloud/DevOps,1,1,2,67.8,67.0,0,1,0,
174,7.61,69.7,82.76,CSE,AI/ML,0,6,4,81.5,68.2,0,0,1,7.72
175,7.55,92.54,64.98,MCA,Data Science,1,4,1,43.7,59.2,0,1,0,
176,8.04,75.1,67.48,Mech,Cloud/DevOps,1,2,3,85.6,94.9,1,1,1,8.5
177,7.31,88.95,60.33,IT,Cloud/DevOps,2,2,1,62.3,52.8,0,1,1,9.33
178,8.61,91.69,69.99,CSE,AI/ML,0,0,1,64.8,68.2,0,0,1,11.44
179,7.06,86.98,84.75,Mech,Core/Other,2,3,2,26.0,66.7,2,1,0,
180,9.75,74.12,80.16,ECE,Data Science,1,1,2,23.9,80.1,0,0,1,9.17
181,7.86,81.63,84.78,IT,Data Science,1,2,0,62.9,81.5,0,0,0,
182,6.53,77.78,80.22,MCA,AI/ML,0,2,3,75.8,64.5,0,0,0,
183,6.34,69.87,63.96,CSE,Core/Other,0,1,1,46.6,69.4,0,1,0,
184,7.73,80.92,71.69,MCA,Data Science,0,2,3,93.4,69.9,0,0,0,
185,7.1,67.39,67.2,IT,Data Science,0,3,3,74.7,30.9,0,0,1,7.07
186,7.94,88.69,88.31,Civil,Data Science,1,1,2,41.8,41.2,0,0,0,
187,7.73,73.82,63.03,MCA,Core/Other,0,5,2,60.6,55.9,0,0,1,7.99
188,7.23,79.81,83.94,MCA,AI/ML,0,1,1,100.0,56.6,0,0,0,
189,6.54,80.55,83.93,MCA,Data Science,2,1,2,35.1,47.0,0,0,0,
190,5.94,75.67,93.3,Mech,Cloud/DevOps,0,3,2,70.6,76.2,0,0,0,
191,6.9,83.28,70.9,Mech,Core/Other,0,4,2,53.5,65.0,0,0,0,
192,8.07,73.73,82.12,IT,Web Dev,1,3,1,74.1,61.8,0,1,1,9.91
193,7.49,85.84,97.82,ECE,AI/ML,2,4,1,85.3,46.2,0,0,1,6.77
194,6.18,65.89,68.82,MCA,Cloud/DevOps,0,2,2,52.3,64.3,0,0,0,
195,7.46,79.14,59.65,MCA,Data Science,2,1,1,82.4,25.6,0,0,0,
196,7.65,95.45,56.2,CSE,Web Dev,1,3,4,100.0,62.6,1,1,1,6.62
197,6.5,69.0,82.13,MCA,AI/ML,0,4,2,61.3,65.9,0,0,1,5.97
198,7.44,71.9,56.17,CSE,Core/Other,0,2,3,75.7,68.6,1,0,0,
199,7.35,82.63,71.28,Mech,Web Dev,1,0,1,48.2,41.5,0,0,0,
200,6.27,79.62,79.37,IT,Web Dev,1,1,0,60.4,68.4,0,1,0,
201,7.62,81.16,76.85,Civil,Cloud/DevOps,1,2,2,56.5,49.4,0,0,1,5.82
202,7.8,82.4,79.25,MCA,AI/ML,1,3,1,75.9,52.8,0,0,1,7.02
203,8.27,83.71,77.22,MCA,Cloud/DevOps,0,0,3,84.1,75.8,0,0,1,6.47
204,8.25,87.99,87.79,MCA,Cloud/DevOps,1,1,3,57.8,95.2,0,0,1,7.18
205,6.06,81.69,65.48,CSE,Data Science,2,3,0,90.7,65.8,0,0,0,
206,6.46,75.83,68.23,IT,Core/Other,2,4,0,90.6,52.7,0,1,1,7.88
207,7.76,84.05,67.27,CSE,Web Dev,2,3,0,76.9,67.8,0,0,1,8.9
208,7.76,95.1,83.3,MCA,AI/ML,0,3,5,49.7,79.1,0,1,1,6.89
209,7.76,76.81,84.0,IT,Core/Other,1,2,4,47.8,74.3,0,0,0,
210,10.0,69.23,79.51,ECE,Core/Other,1,3,3,43.8,100.0,0,0,1,8.5
211,7.81,87.96,86.83,CSE,AI/ML,1,0,1,79.0,54.3,0,0,1,6.89
212,8.32,76.92,63.22,CSE,Core/Other,2,4,1,35.8,68.8,1,0,0,
213,8.16,58.45,91.67,IT,Data Science,2,3,2,73.5,88.2,0,1,1,9.29
214,7.89,85.63,90.23,Civil,Core/Other,2,3,1,38.4,87.3,0,0,0,
215,7.02,73.18,82.36,ECE,Data Science,0,2,0,76.5,35.7,1,1,0,
216,7.98,77.19,92.82,IT,Web Dev,0,1,1,60.3,64.9,0,1,0,
217,6.6,80.99,58.43,MCA,Web Dev,0,1,1,86.7,87.3,0,0,1,7.36
218,7.09,79.71,69.76,CSE,Cloud/DevOps,2,0,0,82.8,100.0,0,1,0,
219,6.86,84.39,67.65,Civil,Data Science,2,3,2,88.7,75.6,0,0,1,7.75
220,7.37,74.08,82.21,ECE,Web Dev,1,5,3,89.2,59.5,0,0,1,8.22
221,9.38,82.62,64.5,IT,Core/Other,1,2,2,62.9,49.9,0,1,1,6.54
222,5.62,75.66,82.57,MCA,AI/ML,1,1,6,36.8,98.3,0,0,0,
223,7.92,84.65,88.71,CSE,AI/ML,0,0,2,38.9,75.9,0,0,1,6.28
224,5.85,83.54,81.95,Civil,Data Science,1,1,2,18.3,52.3,0,1,0,
225,6.88,69.58,77.84,CSE,Cloud/DevOps,1,3,5,38.3,62.0,0,1,1,6.06
226,8.28,87.77,65.12,ECE,Core/Other,1,2,2,61.4,69.7,0,0,0,
227,7.36,73.18,66.53,CSE,Data Science,1,1,1,48.8,73.2,0,1,1,5.29
228,6.33,85.27,87.5,ECE,AI/ML,3,1,1,56.4,51.5,1,0,0,
229,6.66,81.31,82.79,ECE,Data Science,1,5,2,69.9,55.8,0,1,0,
230,7.91,94.54,74.61,ECE,Core/Other,1,0,0,53.9,40.2,1,0,0,
231,6.64,75.99,70.82,MCA,Web Dev,2,2,3,37.6,80.6,0,1,0,
232,7.49,74.86,54.74,Mech,Core/Other,1,1,3,58.9,59.9,0,0,1,8.13
233,7.34,77.83,64.29,CSE,Web Dev,3,0,1,42.0,72.0,0,1,1,7.39
234,6.71,75.27,94.11,IT,Web Dev,0,3,1,54.6,86.3,0,1,0,
235,9.23,85.2,62.2,CSE,Web Dev,2,4,3,86.9,68.3,1,0,1,8.98
236,7.87,63.45,76.89,Civil,Data Science,1,4,3,54.6,63.3,0,0,0,
237,5.48,68.52,85.07,IT,AI/ML,0,1,1,95.4,67.9,0,1,0,
238,7.47,68.39,62.45,ECE,Data Science,0,2,1,88.6,65.9,0,1,1,6.02
239,6.7,86.55,76.85,ECE,AI/ML,0,2,3,48.4,83.7,0,0,1,3.24
240,8.07,93.4,84.38,CSE,Core/Other,2,1,3,37.8,69.7,0,0,0,
241,6.59,77.06,75.12,CSE,Cloud/DevOps,3,3,0,58.9,56.8,1,1,1,5.53
242,7.2,76.48,99.0,IT,Core/Other,1,4,1,83.1,80.7,0,0,1,8.11
243,7.75,78.63,58.31,IT,Data Science,2,2,3,50.2,83.5,2,0,0,
244,8.08,88.46,85.59,CSE,Data Science,1,3,1,78.2,44.9,0,1,0,
245,6.22,69.65,73.27,CSE,AI/ML,1,0,3,84.2,88.0,0,0,1,5.9
246,7.0,80.15,82.72,Mech,Data Science,1,0,0,44.5,70.5,0,0,0,
247,6.87,86.78,79.41,Civil,Web Dev,0,3,1,46.5,69.2,0,0,0,
248,6.71,82.51,67.67,IT,Data Science,1,3,3,74.3,80.1,0,1,1,7.22
249,8.89,79.71,77.29,IT,AI/ML,0,0,0,63.0,56.5,0,0,0,
250,7.66,87.01,56.42,CSE,AI/ML,1,3,3,46.3,79.3,0,1,1,6.31
251,6.17,53.67,81.03,ECE,Web Dev,0,3,0,53.0,59.3,0,1,0,
252,8.13,84.1,77.98,Mech,AI/ML,0,3,1,58.6,42.9,0,0,0,
253,9.21,72.11,81.39,CSE,Cloud/DevOps,3,2,2,28.7,50.0,0,1,1,7.63
254,8.23,61.52,85.58,CSE,Core/Other,0,2,0,75.3,73.5,0,0,1,8.1
255,5.93,82.6,78.68,ECE,Data Science,0,1,0,50.4,50.8,0,1,1,5.0
256,6.86,90.36,76.48,MCA,Cloud/DevOps,0,3,0,4.3,89.2,0,0,1,3.91
257,8.44,76.76,66.19,CSE,Data Science,3,2,1,59.5,82.8,0,1,1,8.66
258,6.66,86.58,67.88,MCA,Cloud/DevOps,0,1,2,45.2,85.0,0,0,0,
259,7.7,92.51,86.87,IT,Data Science,0,2,1,93.8,66.9,0,0,1,8.57
260,8.0,89.83,89.36,IT,Web Dev,1,4,1,48.3,68.9,0,1,1,8.46
261,6.47,92.76,72.62,ECE,AI/ML,2,1,0,38.0,47.1,0,0,0,
262,7.25,84.68,75.46,Mech,AI/ML,3,2,0,70.2,79.9,0,1,0,
263,5.0,78.68,65.95,IT,Web Dev,2,1,2,46.8,70.7,0,0,0,
264,6.38,63.58,86.73,Civil,Cloud/DevOps,4,3,2,44.4,73.5,0,0,0,
265,7.07,75.79,81.65,IT,Core/Other,0,1,4,70.2,90.3,0,1,1,7.22
266,6.18,70.41,94.41,ECE,Cloud/DevOps,1,2,0,39.2,55.9,0,0,0,
267,8.77,97.54,66.22,MCA,AI/ML,2,1,5,30.9,63.1,0,1,1,5.87
268,6.01,76.42,71.22,Mech,Core/Other,1,2,3,94.5,69.9,0,0,0,
269,6.9,79.11,77.31,Mech,Data Science,2,2,2,71.6,51.0,0,0,1,7.9
270,7.42,82.96,81.46,CSE,Core/Other,2,3,3,54.7,62.2,0,1,1,7.4
271,8.6,78.39,72.84,Civil,Cloud/DevOps,0,1,1,59.9,72.4,0,0,0,
272,6.01,93.26,66.27,Mech,Web Dev,2,2,1,70.1,60.1,0,0,0,
273,8.35,72.4,83.81,ECE,Data Science,0,1,2,79.5,84.6,0,1,1,10.96
274,7.31,79.75,82.21,CSE,Cloud/DevOps,2,2,3,44.9,42.3,0,0,0,
275,6.42,71.32,65.84,Mech,Data Science,0,2,1,67.3,81.8,0,0,0,
276,7.72,66.12,88.55,Mech,Core/Other,2,3,2,49.9,74.9,0,1,0,
277,7.48,72.49,86.7,IT,AI/ML,1,3,2,56.2,56.5,2,1,0,
278,6.76,77.67,76.34,Civil,Cloud/DevOps,2,2,1,63.2,51.1,0,0,1,6.82
279,7.36,74.14,75.8,CSE,Web Dev,3,4,3,59.9,33.8,0,0,1,6.05
280,6.95,71.77,80.54,CSE,Core/Other,1,4,3,74.7,53.1,0,1,1,6.28
281,7.4,65.34,66.38,MCA,Cloud/DevOps,1,2,3,69.7,80.7,0,0,1,7.19
282,7.9,77.25,75.3,MCA,Web Dev,1,2,5,29.8,64.2,0,0,1,4.64
283,8.73,64.46,53.48,ECE,Cloud/DevOps,0,1,2,32.8,82.4,0,1,0,
284,6.19,84.84,83.76,CSE,Core/Other,3,0,0,52.6,55.7,0,0,0,
285,9.22,78.74,59.39,Civil,Cloud/DevOps,0,5,2,96.6,75.6,0,0,1,7.55
286,5.54,64.88,90.03,CSE,Data Science,1,2,1,43.0,54.2,0,1,0,
287,7.16,75.22,71.7,CSE,Core/Other,0,1,0,55.8,50.5,0,1,0,
288,7.83,71.23,72.88,CSE,Cloud/DevOps,2,4,2,49.3,63.4,0,1,1,5.05
289,7.55,80.87,68.72,MCA,AI/ML,2,4,2,48.9,55.0,0,0,1,7.69
290,6.74,90.06,72.12,Civil,Cloud/DevOps,0,3,2,63.6,41.9,0,0,1,5.17
291,7.11,61.12,89.19,ECE,Data Science,1,4,3,88.0,62.3,0,1,1,7.12
292,6.86,79.04,50.12,Mech,Web Dev,0,1,0,69.1,66.6,0,0,0,
293,6.77,76.56,87.77,CSE,Web Dev,1,4,3,43.9,84.0,0,1,1,6.58
294,8.06,84.04,78.38,MCA,Web Dev,0,1,0,100.0,79.1,0,0,1,7.54
295,7.62,79.92,62.93,IT,AI/ML,2,3,1,61.6,83.3,0,1,1,5.98
296,6.68,71.23,64.25,MCA,Data Science,2,2,3,48.5,75.8,0,0,1,7.11
297,8.11,75.13,91.76,CSE,Core/Other,1,2,0,88.2,70.0,0,0,1,9.11
298,7.58,70.84,65.54,ECE,Web Dev,1,1,1,50.6,46.6,0,0,0,
299,8.03,87.68,63.47,MCA,Data Science,3,2,0,93.3,67.2,0,1,1,9.86
300,7.87,78.19,86.37,ECE,Cloud/DevOps,0,4,0,42.6,74.0,0,0,1,5.93
301,6.55,95.11,78.39,MCA,AI/ML,1,1,1,88.6,86.9,0,1,1,6.06
302,6.8,77.45,65.62,CSE,Data Science,0,4,3,64.0,75.3,0,0,0,
303,7.97,71.62,77.17,ECE,Data Science,1,2,1,85.8,83.6,0,0,1,8.87
304,7.85,64.38,64.74,CSE,Core/Other,1,1,1,98.0,49.5,0,1,1,8.88
305,7.28,61.77,86.01,Mech,Data Science,3,1,4,37.3,60.1,0,0,0,
306,7.41,63.74,85.61,MCA,Core/Other,1,3,2,85.5,71.4,0,0,1,6.82
307,8.45,80.4,80.32,CSE,AI/ML,1,2,1,31.8,82.4,0,0,0,
308,6.77,82.58,78.62,Civil,AI/ML,1,0,1,39.1,62.8,0,1,1,5.36
309,7.79,63.77,92.61,MCA,Cloud/DevOps,1,3,0,43.9,63.8,0,1,0,
310,7.12,86.06,75.0,CSE,Core/Other,1,1,3,70.1,75.3,0,0,0,
311,7.1,73.65,63.18,MCA,Core/Other,0,0,1,60.7,48.1,0,0,0,
312,8.29,79.32,79.49,CSE,Web Dev,0,6,4,56.7,89.1,0,0,1,7.9
313,8.04,92.51,95.86,Mech,Web Dev,0,2,2,62.9,51.8,0,1,1,8.14
314,8.03,86.07,64.85,Mech,Cloud/DevOps,0,4,2,71.8,36.2,0,0,0,
315,8.47,75.58,71.39,Civil,AI/ML,1,2,3,73.4,65.2,0,1,1,8.95
316,7.32,69.98,79.16,MCA,Web Dev,1,3,1,81.9,90.5,0,0,1,7.88
317,7.91,58.63,74.46,IT,Data Science,2,3,3,96.4,73.8,0,1,1,8.38
318,7.02,71.53,65.18,ECE,AI/ML,1,3,0,59.6,76.3,0,0,0,
319,7.59,76.1,86.22,CSE,Data Science,1,1,6,49.6,65.6,0,1,1,7.98
320,7.18,69.12,98.2,MCA,Core/Other,2,0,3,72.3,62.7,0,0,1,8.67
321,7.39,76.82,76.96,MCA,AI/ML,1,2,0,37.1,41.8,0,0,0,
322,7.84,78.69,65.96,CSE,Cloud/DevOps,2,1,1,46.4,31.1,0,1,0,
323,6.56,75.98,59.51,IT,Core/Other,0,1,1,80.0,67.9,1,1,0,
324,9.18,72.15,77.58,Mech,Core/Other,2,3,1,57.5,84.7,0,0,1,7.55
325,6.39,79.52,86.04,Mech,Data Science,0,0,2,35.8,70.2,0,1,0,
326,6.21,81.98,79.75,CSE,Core/Other,0,0,0,30.2,74.4,0,0,0,
327,8.34,68.19,74.98,CSE,Web Dev,1,2,1,61.0,88.8,0,0,1,4.92
328,8.01,90.7,69.11,CSE,AI/ML,1,1,2,82.8,69.9,0,0,1,8.0
329,7.86,77.11,64.08,Mech,Web Dev,1,5,1,82.6,63.2,0,0,1,8.36
330,7.87,78.17,83.35,CSE,Data Science,3,3,5,62.2,52.7,0,1,1,8.11
331,7.29,84.37,84.14,ECE,Data Science,0,5,4,100.0,95.3,0,0,1,11.1
332,6.49,80.1,59.54,CSE,AI/ML,0,5,2,57.9,72.9,2,0,0,
333,7.37,86.58,90.9,MCA,Core/Other,3,1,1,57.2,50.8,0,0,1,7.83
334,6.69,80.58,80.74,IT,Cloud/DevOps,0,2,3,8.7,47.4,0,0,0,
335,8.18,72.49,89.0,ECE,Data Science,0,1,2,51.1,83.8,0,1,1,6.47
336,7.17,81.25,61.58,CSE,AI/ML,3,1,2,77.0,49.4,0,1,0,
337,6.56,67.71,61.34,MCA,Cloud/DevOps,1,2,2,91.3,92.8,0,0,1,7.58
338,7.01,78.98,73.51,CSE,Core/Other,0,4,6,43.4,23.7,0,0,0,
339,7.67,77.7,80.03,ECE,Data Science,1,1,1,69.2,86.3,0,1,1,6.73
340,6.79,76.13,92.96,Mech,AI/ML,0,6,0,80.9,72.3,0,0,0,
341,6.56,76.84,82.06,CSE,AI/ML,2,0,0,60.2,66.8,0,0,1,6.01
342,7.52,61.06,72.57,Mech,AI/ML,1,0,0,14.3,62.4,0,0,0,
343,7.52,73.06,64.74,MCA,Data Science,3,3,2,64.9,93.4,0,0,1,7.48
344,6.84,78.84,87.3,CSE,Cloud/DevOps,0,2,4,75.2,75.6,0,1,1,6.86
345,6.88,79.44,65.35,IT,AI/ML,1,3,1,41.1,51.5,0,0,0,
346,7.51,68.75,91.28,CSE,Core/Other,0,4,0,54.9,39.2,0,1,1,7.02
347,6.0,89.39,72.16,ECE,AI/ML,1,1,2,36.9,67.7,0,0,0,
348,6.03,70.2,90.91,ECE,Cloud/DevOps,0,2,0,8.6,65.0,0,0,0,
349,6.65,86.73,81.79,CSE,Data Science,2,1,0,80.5,42.2,0,1,1,6.53
350,7.11,81.84,73.63,MCA,AI/ML,1,4,2,59.9,64.2,0,1,1,4.85
351,7.58,72.18,69.81,Mech,AI/ML,0,1,0,92.0,56.4,1,1,0,
352,8.63,93.98,71.59,Civil,Core/Other,2,4,1,77.1,65.1,0,0,1,10.82
353,8.07,67.26,79.28,MCA,Core/Other,1,0,1,52.9,75.9,0,1,1,5.6
354,7.16,86.27,75.77,Civil,AI/ML,0,0,3,58.3,87.4,0,0,0,
355,7.28,87.01,69.06,MCA,AI/ML,2,2,1,71.3,78.6,0,0,0,
356,6.4,71.96,73.34,IT,Core/Other,1,4,2,79.3,54.2,0,1,1,9.4
357,7.28,90.53,75.79,Mech,Cloud/DevOps,1,4,3,66.5,70.5,0,1,1,6.46
358,7.04,75.75,53.71,MCA,Web Dev,0,1,1,82.1,65.9,0,1,0,
359,7.59,80.6,79.58,MCA,Web Dev,0,3,2,54.1,45.0,0,1,0,
360,6.56,80.34,65.2,MCA,AI/ML,1,2,2,40.1,71.0,0,0,0,
361,7.77,76.79,63.47,Mech,Core/Other,3,2,0,58.7,92.9,0,0,1,7.01
362,8.68,85.3,58.13,Mech,Data Science,1,3,4,64.1,65.5,0,1,1,7.79
363,7.2,85.14,57.06,IT,Data Science,1,3,3,36.0,41.1,0,0,0,
364,7.66,62.26,61.45,IT,Web Dev,4,3,3,33.3,65.5,1,0,1,8.65
365,7.92,89.74,67.91,MCA,Cloud/DevOps,2,0,2,68.9,46.8,2,0,0,
366,6.94,63.04,94.53,MCA,Web Dev,2,0,3,51.9,78.0,1,0,0,
367,7.5,87.29,69.74,CSE,AI/ML,2,1,1,56.7,72.9,0,1,1,5.42
368,7.31,88.14,76.78,ECE,Cloud/DevOps,2,2,1,52.8,62.4,0,0,0,
369,7.39,68.18,79.0,MCA,Data Science,2,3,1,90.4,60.0,0,0,1,6.26
370,6.6,74.3,76.31,IT,Core/Other,0,2,3,85.2,61.8,0,1,1,6.67
371,7.32,68.05,74.23,CSE,Core/Other,1,3,2,35.3,65.1,0,0,0,
372,7.75,76.07,63.05,CSE,AI/ML,1,4,2,49.3,53.4,0,1,1,7.33
373,8.61,75.23,89.51,Civil,Web Dev,3,3,4,77.0,44.2,0,0,1,10.0
374,8.16,85.02,93.07,IT,AI/ML,1,2,3,72.0,82.1,0,1,1,7.99
375,9.24,89.79,58.17,CSE,Core/Other,1,2,1,59.2,59.2,0,0,0,
376,6.61,90.56,64.76,MCA,Data Science,1,1,1,37.2,67.5,1,0,0,
377,8.09,72.94,72.2,IT,Core/Other,0,3,2,46.3,69.3,0,0,0,
378,7.47,76.12,65.35,CSE,Cloud/DevOps,1,1,1,49.7,69.8,0,0,0,
379,9.27,62.85,80.06,IT,Core/Other,0,2,1,65.5,47.4,0,1,1,6.52
380,6.57,70.75,67.72,MCA,Core/Other,3,1,1,94.1,39.9,0,0,1,9.88
381,6.54,86.68,96.65,MCA,Cloud/DevOps,3,0,0,46.3,56.2,0,1,1,8.05
382,6.76,92.54,86.91,IT,Web Dev,3,2,1,39.5,70.9,1,0,0,
383,5.39,66.89,77.13,IT,Core/Other,0,1,2,57.8,54.1,2,1,0,
384,6.83,72.67,85.27,Civil,AI/ML,0,7,2,80.6,59.7,2,1,0,
385,6.62,77.76,86.06,IT,Core/Other,0,1,2,31.1,96.9,0,0,0,
386,7.44,80.52,69.36,CSE,AI/ML,1,1,1,89.1,37.3,0,0,1,8.31
387,7.61,70.71,66.84,CSE,Cloud/DevOps,0,2,4,56.6,53.7,0,1,1,6.2
388,8.99,81.82,75.78,IT,Core/Other,0,5,2,45.3,93.4,0,0,0,
389,8.16,73.74,83.62,ECE,Cloud/DevOps,0,2,1,28.0,64.3,0,0,0,
390,6.78,77.87,76.39,CSE,Cloud/DevOps,0,0,0,74.1,54.4,0,1,0,
391,6.49,82.92,59.23,ECE,Web Dev,2,2,1,56.6,82.5,0,1,1,6.48
392,7.74,78.06,66.97,CSE,Core/Other,1,0,0,63.4,65.8,0,1,1,7.43
393,6.11,74.07,74.26,IT,AI/ML,0,1,1,42.0,59.8,0,0,0,
394,8.95,77.01,74.24,ECE,AI/ML,3,0,1,53.6,67.9,0,0,1,7.93
395,8.36,77.2,94.73,IT,Core/Other,0,4,3,50.3,55.1,1,1,0,
396,6.88,74.67,61.14,MCA,Web Dev,3,1,2,58.0,49.7,0,0,1,6.13
397,5.76,75.67,80.06,CSE,Web Dev,3,4,2,46.6,63.3,1,0,0,
398,8.52,92.39,89.89,ECE,Web Dev,3,3,0,29.3,49.8,0,1,1,8.49
399,7.2,83.05,97.71,CSE,AI/ML,2,2,1,100.0,65.2,0,0,1,7.55
400,8.41,75.34,70.96,Mech,Cloud/DevOps,2,2,2,32.7,70.3,0,0,0,
401,5.87,84.27,79.91,CSE,Web Dev,2,3,1,63.6,77.8,0,1,1,5.07
402,6.76,75.0,80.7,Mech,AI/ML,3,2,1,24.6,81.9,0,0,1,7.93
403,7.3,88.56,76.95,IT,AI/ML,1,2,1,20.1,58.9,0,0,0,
404,7.34,81.33,74.01,ECE,Cloud/DevOps,0,0,1,62.0,72.5,0,0,0,
405,6.89,77.03,79.36,IT,Core/Other,3,3,1,63.5,72.4,0,0,1,9.27
406,7.86,82.03,49.68,Mech,Core/Other,0,3,1,85.2,69.9,0,1,1,7.91
407,6.34,63.86,81.82,CSE,Web Dev,1,4,0,68.0,57.8,0,0,0,
408,7.17,67.86,76.26,CSE,Web Dev,0,1,3,57.0,49.6,0,0,0,
409,7.41,67.25,72.78,MCA,Cloud/DevOps,3,1,2,41.0,72.5,0,0,1,7.19
410,7.76,79.29,95.47,CSE,Web Dev,1,3,2,90.0,39.4,0,1,1,8.27
411,7.94,93.59,68.25,CSE,Cloud/DevOps,1,2,3,78.6,61.0,0,1,1,9.12
412,6.29,98.08,70.97,Civil,AI/ML,2,2,1,35.1,26.7,0,0,0,
413,5.92,83.74,94.92,Civil,Web Dev,1,0,1,60.8,45.0,0,0,0,
414,8.45,82.51,66.68,IT,AI/ML,0,0,3,62.9,51.8,0,1,1,4.97
415,7.6,61.79,69.5,Civil,Data Science,2,4,1,53.1,81.5,0,0,1,7.12
416,6.63,73.12,73.53,MCA,Cloud/DevOps,3,1,5,75.4,75.3,0,0,1,5.01
417,8.7,70.91,83.41,CSE,Data Science,2,3,0,76.6,56.7,0,0,1,7.84
418,7.4,72.41,77.08,ECE,Web Dev,0,0,1,56.2,75.9,0,0,1,5.4
419,8.36,76.49,62.07,ECE,AI/ML,0,1,1,54.4,78.3,0,1,1,6.57
420,7.36,73.75,69.68,Civil,Web Dev,0,1,2,90.0,62.6,0,1,0,
421,9.15,60.19,68.93,CSE,Data Science,1,2,2,78.7,44.2,0,1,1,10.34
422,8.88,84.73,74.23,ECE,Web Dev,0,3,1,61.4,61.9,0,1,1,8.54
423,7.08,68.35,79.26,CSE,Core/Other,1,3,1,27.4,63.5,0,1,1,6.45
424,8.17,80.15,79.18,CSE,Data Science,0,1,3,66.9,46.5,0,1,0,
425,7.88,96.67,57.24,CSE,Web Dev,0,3,1,74.0,70.5,0,0,1,4.42
426,8.53,69.73,85.64,Civil,AI/ML,1,2,5,4.9,69.2,0,0,1,6.34
427,6.43,55.23,77.53,Mech,Web Dev,1,3,1,65.0,71.7,0,1,0,
428,7.92,75.43,88.85,ECE,AI/ML,3,3,3,51.7,69.2,0,0,1,8.59
429,8.25,87.91,79.44,MCA,Core/Other,0,3,3,55.6,75.9,0,0,1,4.68
430,5.72,95.63,86.01,IT,Web Dev,0,3,1,41.9,62.3,0,0,0,
431,6.24,66.93,79.67,CSE,Core/Other,0,4,1,57.0,68.0,0,0,1,6.08
432,5.46,82.47,88.46,IT,Data Science,0,0,1,87.8,59.0,0,0,0,
433,7.06,73.81,80.22,IT,AI/ML,0,4,1,51.1,56.2,0,0,1,7.14
434,7.95,77.05,74.02,ECE,Data Science,2,3,2,79.3,85.1,0,0,1,9.04
435,8.65,99.0,97.72,MCA,AI/ML,1,1,3,43.9,34.3,0,1,1,8.06
436,7.37,64.47,83.89,CSE,Core/Other,0,0,2,75.2,78.2,0,1,0,
437,8.77,80.28,80.74,CSE,Cloud/DevOps,1,1,0,60.0,55.7,0,1,1,7.76
438,6.06,82.21,62.24,CSE,Web Dev,0,4,0,67.0,53.7,0,1,0,
439,5.77,87.77,62.12,IT,Core/Other,2,2,0,60.1,68.9,0,0,0,
440,7.25,78.88,77.93,Civil,AI/ML,0,3,4,72.8,42.7,0,0,0,
441,7.65,80.77,76.46,MCA,AI/ML,3,2,0,8.6,52.8,0,0,0,
442,7.27,74.48,68.86,Mech,AI/ML,1,7,0,31.6,52.3,0,1,0,
443,5.44,80.42,76.41,MCA,AI/ML,1,3,1,68.3,61.7,0,0,0,
444,7.22,74.91,90.89,IT,Web Dev,1,3,3,19.1,52.9,0,1,0,
445,6.13,83.59,81.95,CSE,Data Science,5,2,2,49.4,89.0,0,0,1,6.21
446,7.9,74.67,63.59,Mech,Cloud/DevOps,0,3,1,58.9,92.0,0,1,0,
447,7.63,81.39,73.88,ECE,Web Dev,2,4,0,43.4,34.7,0,0,0,
448,6.45,77.74,66.95,CSE,AI/ML,1,3,1,46.2,73.2,0,1,1,5.49
449,6.84,88.13,71.12,MCA,Web Dev,0,2,2,65.4,77.9,0,0,1,7.62
450,6.35,77.54,70.86,MCA,Core/Other,1,1,1,80.2,73.1,0,0,1,7.71
451,7.24,62.04,70.22,MCA,AI/ML,1,2,1,40.8,55.1,1,0,0,
452,8.16,89.36,62.45,Civil,Cloud/DevOps,1,2,2,48.5,61.3,0,1,1,6.59
453,6.41,69.85,73.72,MCA,AI/ML,1,2,1,45.4,53.8,0,0,1,6.57
454,7.75,72.12,69.39,MCA,Cloud/DevOps,0,0,1,11.6,58.7,0,1,0,
455,6.82,72.64,45.71,CSE,Cloud/DevOps,1,3,0,62.8,46.9,0,1,0,
456,6.59,90.37,95.53,CSE,Data Science,2,4,2,78.7,63.3,0,1,1,6.97
457,7.2,58.78,85.89,CSE,Data Science,2,1,0,80.3,42.5,1,0,0,
458,6.37,99.0,71.24,CSE,Web Dev,0,0,3,42.6,62.0,0,0,0,
459,6.8,87.5,75.19,ECE,Web Dev,2,2,1,35.0,46.3,0,0,0,
460,6.22,80.01,63.28,ECE,Cloud/DevOps,1,1,1,60.4,68.1,0,1,0,
461,9.07,77.51,91.96,CSE,AI/ML,2,2,2,76.6,54.8,0,1,1,10.39
462,7.33,80.57,93.97,Mech,Core/Other,1,5,0,63.1,69.4,1,1,0,
463,6.67,82.69,76.57,CSE,Core/Other,0,0,3,65.8,81.2,0,0,0,
464,7.49,83.81,85.24,IT,AI/ML,2,0,2,82.8,88.8,0,0,1,8.32
465,7.2,83.0,76.75,CSE,AI/ML,1,2,4,45.2,27.1,0,1,0,
466,7.1,78.81,61.63,IT,Data Science,3,1,1,55.6,52.5,2,0,0,
467,7.85,76.22,70.88,CSE,Core/Other,5,4,1,92.7,60.5,0,1,1,9.58
468,7.98,76.64,76.32,MCA,Cloud/DevOps,1,1,2,56.1,71.9,0,0,1,9.07
469,6.82,76.25,70.45,IT,Web Dev,0,2,2,34.7,40.2,0,0,0,
470,6.78,88.2,72.81,Civil,Data Science,0,0,1,46.6,50.3,0,1,0,
471,7.05,83.34,74.09,CSE,Core/Other,2,4,2,41.2,67.0,0,0,0,
472,5.23,51.54,74.19,CSE,AI/ML,2,0,1,67.1,66.3,0,0,0,
473,5.94,83.9,75.52,CSE,Core/Other,2,1,1,42.1,70.7,0,1,0,
474,8.53,79.75,64.39,MCA,Cloud/DevOps,0,2,1,65.4,71.7,1,1,0,
475,8.78,77.83,67.83,CSE,Data Science,1,3,4,45.3,70.1,0,1,1,6.11
476,7.08,74.5,62.15,Mech,AI/ML,3,1,3,17.5,67.9,0,1,0,
477,7.82,88.12,84.78,MCA,Cloud/DevOps,0,2,2,66.1,65.8,0,0,1,8.47
478,7.58,86.53,53.94,MCA,Web Dev,0,6,4,63.0,75.0,0,0,0,
479,10.0,71.04,86.54,MCA,Data Science,1,4,2,70.4,31.4,0,0,1,9.39
480,8.31,81.66,88.86,CSE,Cloud/DevOps,0,0,3,46.5,88.2,0,0,0,
481,7.18,69.26,71.98,CSE,Cloud/DevOps,1,1,3,44.4,31.9,1,0,0,
482,6.44,65.58,48.97,IT,AI/ML,1,1,3,68.0,48.8,0,1,0,
483,5.85,72.36,71.39,MCA,Web Dev,0,2,4,90.4,61.6,0,0,0,
484,7.48,85.76,74.36,CSE,Cloud/DevOps,0,0,1,60.2,75.1,0,1,1,6.14
485,6.62,86.58,64.89,CSE,Data Science,1,3,3,68.5,20.1,0,0,0,
486,6.02,82.62,69.85,Civil,Cloud/DevOps,3,5,1,53.6,64.6,0,0,1,6.6
487,6.72,84.53,90.3,CSE,Core/Other,1,2,4,29.1,76.9,0,0,0,
488,6.33,82.65,81.65,Mech,Data Science,2,6,0,79.3,79.9,0,1,0,
489,8.82,72.23,65.75,ECE,Data Science,1,2,4,78.2,54.5,0,0,1,9.47
490,8.09,81.89,59.02,IT,Cloud/DevOps,0,3,4,74.2,60.5,0,0,0,
491,7.29,85.2,71.73,CSE,AI/ML,0,2,2,56.4,55.8,0,1,0,
492,8.63,84.79,72.87,CSE,Data Science,1,5,0,71.9,59.1,0,0,1,6.94
493,7.37,88.7,79.96,ECE,Core/Other,0,2,0,77.9,49.5,0,0,1,5.0
494,6.52,84.37,69.65,ECE,AI/ML,1,6,2,92.4,51.7,1,1,1,4.97
495,8.67,81.16,80.11,ECE,AI/ML,1,1,0,79.8,71.5,0,0,1,6.2
496,7.79,87.63,94.35,Civil,AI/ML,0,2,2,61.3,67.0,1,0,0,
497,6.37,77.76,83.16,ECE,Data Science,1,3,2,33.8,72.4,0,1,1,5.91
498,7.13,70.06,74.52,CSE,AI/ML,1,1,1,63.1,68.2,0,0,0,
499,6.51,76.53,73.17,CSE,Cloud/DevOps,1,1,1,65.1,75.6,0,0,0,
500,6.06,71.3,71.43,Mech,AI/ML,2,3,0,74.2,78.2,1,0,0,
501,8.13,71.92,86.81,CSE,Core/Other,1,2,2,87.1,38.9,1,0,1,8.5
502,9.02,76.7,68.73,CSE,Web Dev,1,1,0,58.1,52.2,0,0,0,
503,6.04,70.87,75.45,ECE,Core/Other,1,6,2,100.0,61.5,0,0,0,
504,7.81,75.23,75.51,IT,Data Science,2,2,1,24.8,64.7,0,0,1,5.77
505,6.71,60.96,69.98,Civil,AI/ML,2,3,1,68.4,54.9,0,0,0,
506,6.86,79.92,61.28,ECE,AI/ML,0,2,1,44.0,78.7,1,1,0,
507,6.77,78.01,78.23,CSE,Cloud/DevOps,2,1,1,21.9,94.7,0,1,0,
508,6.52,70.65,74.39,Civil,AI/ML,1,0,1,56.0,67.8,0,1,1,4.74
509,7.34,83.93,80.0,CSE,Core/Other,1,1,2,30.9,66.3,0,0,0,
510,6.55,86.44,69.66,IT,Data Science,0,0,2,56.8,77.7,0,0,0,
511,7.54,63.53,87.21,IT,Web Dev,0,1,2,60.7,37.0,0,0,0,
512,7.25,71.14,66.23,CSE,AI/ML,1,2,0,82.4,65.4,0,1,0,
513,7.08,71.08,92.12,MCA,Web Dev,0,2,4,29.8,79.7,0,0,0,
514,6.48,69.54,57.52,CSE,AI/ML,1,3,3,78.2,55.4,0,0,1,4.84
515,6.78,85.47,79.35,IT,Data Science,0,1,2,62.0,46.6,0,0,0,
516,7.98,76.26,79.75,IT,Core/Other,0,2,2,80.6,62.2,0,0,1,7.57
517,7.75,75.62,67.04,ECE,Data Science,1,0,0,51.4,64.1,0,0,0,
518,6.42,59.97,79.24,Mech,Web Dev,0,1,0,33.4,51.4,0,0,0,
519,7.39,83.72,87.8,CSE,AI/ML,2,4,2,35.7,96.4,0,0,1,8.27
520,7.98,66.85,52.83,IT,Web Dev,0,0,1,34.2,57.8,0,1,1,4.26
521,5.8,78.54,80.03,IT,Core/Other,1,0,0,69.6,47.7,0,0,0,
522,7.79,80.5,50.07,CSE,Data Science,0,1,2,89.5,63.6,0,1,0,
523,6.7,90.25,65.34,ECE,Web Dev,0,0,3,48.7,78.6,0,0,0,
524,7.81,66.22,91.29,ECE,Web Dev,1,1,1,72.6,65.3,0,0,1,6.3
525,6.61,50.82,69.18,CSE,Core/Other,1,2,1,29.5,72.3,1,0,0,
526,5.68,79.65,63.26,IT,AI/ML,1,2,1,63.6,51.9,0,0,1,5.76
527,5.84,94.2,73.02,CSE,Web Dev,1,1,1,73.4,87.3,0,0,0,
528,7.34,89.15,95.68,MCA,Core/Other,2,1,2,31.0,73.4,0,0,1,6.48
529,7.53,79.89,56.68,CSE,AI/ML,4,3,3,55.9,80.7,0,0,1,7.96
530,6.49,73.58,64.49,Civil,AI/ML,1,2,2,74.3,70.5,0,0,1,8.76
531,7.87,85.26,89.97,ECE,Data Science,1,3,1,1.3,77.4,0,0,0,
532,5.8,69.24,93.58,IT,Core/Other,4,1,2,86.7,51.9,0,0,1,8.49
533,7.24,82.29,73.97,MCA,AI/ML,0,0,2,67.1,57.6,0,0,0,
534,6.21,82.55,62.61,Mech,Data Science,0,1,0,74.3,85.2,0,0,0,
535,6.71,87.54,95.96,MCA,Cloud/DevOps,0,2,1,51.7,88.4,0,1,0,
536,7.34,99.0,90.94,CSE,Core/Other,3,5,3,25.5,47.8,0,0,0,
537,6.53,81.53,81.79,IT,Cloud/DevOps,0,5,2,70.7,68.7,0,0,0,
538,6.95,73.42,66.88,Mech,AI/ML,0,1,3,58.3,58.5,0,1,0,
539,8.21,77.77,74.51,ECE,Core/Other,0,4,2,60.6,54.5,0,1,1,4.98
540,6.78,62.08,73.4,ECE,Data Science,1,2,0,81.8,69.3,0,1,1,5.12
541,8.05,71.75,78.31,Mech,AI/ML,0,2,1,75.2,82.1,0,1,0,
542,6.28,74.32,89.51,Mech,Core/Other,1,2,4,98.4,71.8,0,1,0,
543,7.78,73.28,83.79,Mech,Core/Other,1,2,2,63.1,60.2,0,1,1,6.66
544,8.6,79.37,64.23,CSE,Cloud/DevOps,1,4,2,46.2,72.7,2,0,0,
545,5.08,70.6,88.76,MCA,AI/ML,1,2,1,56.2,59.6,2,1,0,
546,6.58,88.09,78.13,ECE,Data Science,2,2,0,68.3,71.2,0,1,1,7.37
547,7.82,78.0,81.87,ECE,Data Science,2,1,3,80.3,85.9,0,1,1,8.29
548,7.12,77.92,89.67,MCA,AI/ML,0,2,1,30.7,33.8,0,1,0,
549,7.63,75.05,63.88,CSE,AI/ML,1,3,1,60.2,77.0,0,0,0,
550,6.76,79.4,74.64,ECE,Web Dev,0,3,2,92.2,41.9,0,0,1,7.18
551,7.38,85.43,69.69,ECE,Cloud/DevOps,1,1,0,55.2,83.4,0,1,0,
552,7.16,70.2,59.32,CSE,AI/ML,0,3,3,78.6,55.4,0,0,0,
553,8.35,72.08,78.47,MCA,AI/ML,2,3,0,69.9,46.7,0,1,1,9.61
554,7.53,75.27,99.0,CSE,Web Dev,2,1,2,79.1,75.4,0,0,1,7.99
555,7.6,65.89,56.6,IT,Web Dev,1,1,1,43.8,70.5,0,1,0,
556,6.93,70.63,74.68,CSE,Core/Other,3,0,2,43.9,50.0,0,1,1,7.01
557,6.86,73.71,81.41,IT,Data Science,2,1,2,60.4,46.2,0,0,0,
558,6.91,85.87,76.23,MCA,Cloud/DevOps,2,2,1,29.4,62.2,0,0,0,
559,7.66,80.36,73.87,MCA,Core/Other,2,4,0,54.6,46.9,0,0,1,8.89
560,6.92,79.74,62.01,ECE,AI/ML,1,3,2,65.1,49.1,0,1,1,6.96
561,7.56,85.66,77.33,Mech,Web Dev,2,1,0,95.7,66.7,0,1,1,9.15
562,9.17,76.76,67.43,CSE,Data Science,1,3,2,68.1,50.5,0,0,1,8.35
563,8.08,81.51,53.1,CSE,Core/Other,1,4,2,72.5,71.4,0,0,1,9.83
564,7.01,77.07,86.95,Mech,Data Science,1,2,2,83.3,87.4,0,1,1,8.08
565,8.38,80.39,84.58,CSE,Web Dev,0,3,2,40.7,62.8,0,1,1,6.96
566,6.93,72.76,75.52,Civil,Core/Other,0,2,0,56.7,67.0,0,0,0,
567,5.47,56.05,77.29,Mech,Core/Other,0,1,0,100.0,95.3,0,0,0,
568,6.39,76.79,85.74,MCA,Data Science,2,1,2,58.4,47.2,0,1,0,
569,5.62,90.8,77.24,Civil,Web Dev,3,3,1,82.3,82.9,1,0,0,
570,6.98,86.34,84.04,CSE,AI/ML,1,1,1,79.3,81.1,0,1,1,7.25
571,7.32,86.69,72.03,IT,Core/Other,2,4,3,30.4,77.8,0,0,1,7.83
572,8.81,89.13,88.12,MCA,AI/ML,1,4,2,66.2,84.4,0,1,1,10.32
573,7.59,78.8,78.21,IT,Web Dev,2,2,3,62.9,69.2,0,0,1,7.49
574,7.1,79.78,76.94,Civil,Core/Other,1,0,2,66.6,56.3,0,1,0,
575,8.05,72.44,62.3,CSE,Core/Other,3,1,2,44.9,81.4,0,0,1,8.52
576,5.31,75.16,77.87,MCA,AI/ML,0,4,1,37.7,82.0,0,0,0,
577,7.51,83.54,66.68,MCA,Cloud/DevOps,0,2,0,50.5,81.6,0,0,1,6.99
578,7.99,88.83,68.62,ECE,AI/ML,0,2,1,58.0,65.7,0,1,0,
579,5.97,76.74,66.85,CSE,AI/ML,1,2,2,83.7,54.3,0,0,0,
580,8.33,73.95,64.34,IT,Cloud/DevOps,2,5,3,96.3,67.9,0,0,1,10.15
581,7.6,78.0,96.25,Mech,Web Dev,0,3,2,87.9,79.1,0,0,1,8.55
582,6.93,83.41,88.31,CSE,Web Dev,0,3,3,77.2,80.4,0,0,1,6.41
583,7.87,65.01,94.2,Mech,Core/Other,1,1,1,39.9,58.6,0,0,0,
584,9.34,57.33,62.77,MCA,Data Science,0,3,1,51.8,69.7,0,0,1,8.64
585,7.46,73.05,75.71,ECE,Data Science,2,2,1,64.2,45.4,0,1,0,
586,7.52,67.01,62.06,ECE,Core/Other,1,1,2,47.4,79.8,1,1,0,
587,6.89,73.43,68.04,CSE,Data Science,2,3,0,71.5,53.3,0,1,1,7.13
588,6.54,76.67,65.82,MCA,AI/ML,1,2,1,74.4,76.8,0,1,0,
589,8.05,73.92,87.4,Mech,AI/ML,0,2,0,70.7,47.8,0,0,0,
590,6.53,91.07,71.04,IT,Cloud/DevOps,1,4,3,80.5,80.5,0,1,1,6.44
591,7.36,80.94,85.68,Civil,Cloud/DevOps,1,0,1,41.9,69.8,0,0,0,
592,6.87,80.7,81.04,IT,Core/Other,1,5,2,78.7,53.3,0,0,1,7.11
593,7.73,83.6,98.04,CSE,Core/Other,1,1,1,46.1,75.4,0,0,1,4.72
594,7.6,67.75,60.21,IT,Core/Other,0,2,0,41.2,56.1,0,0,0,
595,8.23,87.35,87.59,Civil,AI/ML,3,2,2,70.6,76.2,0,0,1,8.37
596,6.84,77.32,86.46,IT,Data Science,0,2,0,84.3,60.9,0,0,0,
597,7.06,84.03,65.27,Mech,Core/Other,2,0,0,69.8,39.2,0,1,1,8.59
598,6.42,68.35,85.07,Mech,Core/Other,1,1,1,60.4,50.3,0,0,0,
599,6.9,64.02,78.36,IT,AI/ML,5,1,1,66.2,58.5,0,0,1,9.11
600,7.64,85.36,72.73,CSE,AI/ML,1,1,3,62.7,85.5,1,0,0,
601,7.98,81.39,66.76,ECE,AI/ML,1,1,0,37.5,78.5,0,0,1,6.39
602,6.47,69.88,67.81,IT,Data Science,1,0,3,35.1,89.4,0,0,1,6.09
603,8.08,70.17,95.5,ECE,Core/Other,2,4,1,58.4,89.8,0,0,0,
604,8.52,88.13,75.01,IT,Web Dev,1,3,3,61.6,57.0,0,0,1,9.2
605,7.67,67.3,82.82,MCA,Web Dev,1,1,2,60.2,62.2,1,1,1,7.09
606,8.99,92.78,67.09,ECE,Core/Other,1,1,3,73.5,58.8,0,1,1,8.36
607,6.6,69.89,67.2,IT,Core/Other,0,2,2,55.7,54.9,0,0,1,7.81
608,6.18,83.75,85.82,IT,Core/Other,1,0,1,71.3,37.4,1,0,0,
609,5.7,75.04,61.5,IT,Core/Other,1,5,1,57.1,64.8,0,1,0,
610,8.65,83.43,70.85,IT,Data Science,1,5,0,96.5,45.7,0,0,1,10.95
611,7.89,73.1,75.34,MCA,Web Dev,0,1,1,61.6,64.5,0,0,0,
612,7.25,76.53,76.11,Mech,Cloud/DevOps,0,3,1,100.0,96.7,0,0,1,3.43
613,7.55,78.37,73.21,IT,Web Dev,1,4,3,67.0,57.4,0,1,1,8.23
614,6.29,68.98,78.96,MCA,Web Dev,2,4,1,55.7,67.9,0,0,1,7.32
615,9.5,84.67,81.93,ECE,AI/ML,0,4,1,42.0,78.6,0,1,1,8.41
616,7.42,73.38,82.35,CSE,Core/Other,0,3,1,31.1,69.2,0,0,0,
617,7.4,75.94,65.14,CSE,Core/Other,0,2,3,40.2,69.4,0,0,0,
618,7.95,69.05,72.16,Civil,Core/Other,0,2,1,42.4,59.6,0,0,1,6.19
619,7.73,54.94,86.95,ECE,AI/ML,0,2,3,67.9,61.5,0,1,1,6.45
620,7.5,76.28,83.95,MCA,Data Science,1,5,3,49.5,50.6,0,1,1,8.43
621,6.59,99.0,61.27,ECE,Data Science,1,1,1,63.7,77.7,0,0,1,5.09
622,7.72,85.06,78.51,CSE,Cloud/DevOps,2,2,2,85.6,38.9,0,0,1,8.8
623,8.99,77.83,55.22,MCA,Data Science,0,1,0,58.2,79.6,0,0,0,
624,8.51,75.63,75.47,MCA,Data Science,0,0,2,100.0,43.9,0,0,1,9.22
625,8.73,78.2,93.98,MCA,Core/Other,0,4,2,36.5,79.4,0,0,1,8.54
626,6.84,82.92,65.52,IT,Web Dev,0,1,2,57.0,59.7,0,0,1,6.64
627,6.41,67.37,66.66,CSE,Data Science,1,4,0,49.2,46.5,0,1,0,
628,7.19,88.03,82.64,CSE,Data Science,0,2,0,78.7,73.7,0,0,0,
629,7.35,84.44,59.57,Civil,AI/ML,2,2,2,15.2,78.9,0,0,0,
630,8.28,84.46,68.67,IT,Cloud/DevOps,1,2,0,31.1,58.4,0,0,0,
631,5.78,81.95,80.96,MCA,AI/ML,0,2,2,57.9,75.8,0,0,0,
632,8.68,78.18,68.66,CSE,Core/Other,1,1,1,91.0,30.7,0,0,1,10.19
633,7.16,84.06,72.64,CSE,Web Dev,1,0,3,64.5,45.2,2,1,0,
634,6.92,83.33,82.44,ECE,Cloud/DevOps,1,2,1,33.0,84.4,0,0,0,
635,6.39,74.81,79.22,MCA,AI/ML,1,3,0,36.1,61.6,0,1,0,
636,5.81,72.84,77.67,MCA,Data Science,0,3,3,93.5,37.1,0,0,0,
637,8.04,78.92,71.61,CSE,Data Science,2,3,1,47.6,54.5,0,0,0,
638,7.37,91.94,78.7,ECE,Cloud/DevOps,0,2,3,41.1,51.1,2,0,0,
639,6.14,66.85,73.76,CSE,Data Science,0,1,3,89.5,62.5,0,1,0,
640,6.13,64.79,79.58,CSE,AI/ML,1,4,2,80.2,59.4,1,0,0,
641,7.0,79.48,70.03,MCA,AI/ML,2,0,1,85.5,67.7,0,0,1,6.85
642,8.8,78.46,73.17,IT,Data Science,2,3,2,41.0,64.0,0,0,1,8.46
643,7.07,79.56,65.1,CSE,Data Science,0,2,2,29.5,85.4,0,1,0,
644,5.95,80.2,74.65,ECE,Core/Other,2,3,3,62.7,71.4,0,0,1,5.41
645,7.08,75.99,66.89,ECE,Web Dev,1,1,1,66.7,71.9,0,0,0,
646,7.05,91.41,63.86,Mech,Cloud/DevOps,2,3,2,67.3,82.5,0,0,1,6.24
647,5.0,63.59,77.59,IT,AI/ML,0,2,1,89.6,59.2,0,0,0,
648,7.25,70.54,77.13,CSE,Cloud/DevOps,0,3,3,25.3,46.1,0,0,1,3.91
649,7.09,77.07,82.83,CSE,Core/Other,1,2,1,77.2,83.1,0,0,1,6.8
650,7.93,63.21,70.69,Civil,AI/ML,1,1,0,38.1,67.0,0,1,0,
651,8.96,76.42,79.08,MCA,Core/Other,1,1,1,77.1,67.1,0,0,1,8.68
652,8.31,92.95,80.51,ECE,Core/Other,0,3,2,50.5,55.5,0,1,1,7.38
653,7.06,78.19,79.45,CSE,Data Science,1,1,1,43.7,55.7,0,1,0,
654,6.3,80.08,66.74,MCA,Cloud/DevOps,0,3,2,47.8,77.7,0,0,0,
655,9.62,66.66,76.49,CSE,Cloud/DevOps,0,0,0,31.1,79.8,0,0,1,6.06
656,7.35,72.45,78.64,MCA,Data Science,0,4,1,60.8,76.8,0,1,1,5.2
657,7.31,74.62,75.07,Civil,Cloud/DevOps,2,3,2,44.5,76.9,0,1,0,
658,7.28,75.14,54.14,Civil,Data Science,2,1,2,75.7,73.5,2,1,1,8.55
659,7.48,89.53,76.6,MCA,AI/ML,2,2,2,72.8,67.0,0,1,1,8.86
660,7.17,83.02,97.13,IT,Core/Other,0,2,3,93.8,62.4,0,0,1,9.3
661,6.78,68.0,71.4,Civil,Core/Other,0,1,4,67.3,83.2,0,1,0,
662,6.81,80.22,67.72,ECE,Cloud/DevOps,0,4,3,70.4,59.4,0,0,0,
663,7.27,82.48,78.73,CSE,Web Dev,2,2,2,88.0,70.5,0,0,1,6.84
664,6.81,88.26,78.12,MCA,Core/Other,2,2,0,47.4,52.9,0,0,0,
665,6.66,92.22,86.93,CSE,Data Science,0,2,4,30.2,55.1,0,1,0,
666,7.4,68.86,62.42,MCA,Web Dev,0,1,3,64.0,61.5,0,0,1,5.75
667,7.07,70.7,82.31,IT,Web Dev,1,2,0,31.5,52.9,0,1,0,
668,8.65,66.68,80.9,MCA,Core/Other,0,3,1,100.0,77.0,0,1,1,7.13
669,5.0,75.89,73.58,IT,Core/Other,2,2,4,89.1,44.8,0,1,1,6.66
670,8.28,82.2,78.39,CSE,Core/Other,2,1,4,100.0,66.5,0,1,1,8.15
671,8.42,86.89,85.29,MCA,Data Science,0,0,1,61.2,67.0,0,0,1,6.53
672,5.43,77.32,83.72,Mech,Web Dev,1,3,4,71.0,37.8,0,1,0,
673,6.99,75.12,63.57,ECE,Cloud/DevOps,0,2,3,50.8,58.4,0,1,0,
674,6.97,79.37,83.2,IT,Data Science,2,0,0,77.7,68.8,0,1,0,
675,6.03,70.48,74.35,Civil,AI/ML,0,3,3,35.7,71.4,0,1,1,3.62
676,6.6,96.81,75.73,Mech,Core/Other,0,1,0,9.1,61.9,0,0,0,
677,6.3,63.53,75.73,CSE,Web Dev,1,5,1,44.2,75.2,0,0,0,
678,8.88,79.66,73.5,CSE,Data Science,2,3,3,30.9,63.4,2,0,1,7.88
679,8.14,96.21,86.92,ECE,AI/ML,3,4,3,89.6,65.2,0,1,1,9.07
680,8.44,78.06,74.16,Mech,Data Science,3,2,1,96.3,68.8,0,0,1,10.05
681,7.95,76.29,63.8,Civil,Data Science,1,0,5,31.9,78.9,0,1,1,5.87
682,6.28,74.78,71.06,Mech,Cloud/DevOps,0,4,6,85.8,54.9,0,0,1,6.09
683,6.83,76.38,76.79,MCA,Cloud/DevOps,2,1,2,79.0,57.7,0,1,1,7.89
684,7.74,90.36,87.29,MCA,Data Science,2,3,0,28.6,55.0,0,1,0,
685,6.2,58.09,81.03,CSE,AI/ML,1,3,1,52.2,60.0,0,0,0,
686,7.94,91.8,66.49,CSE,Web Dev,1,3,4,48.4,86.4,0,1,1,8.52
687,7.08,65.18,99.0,IT,Web Dev,3,0,1,75.0,73.6,0,1,1,8.65
688,6.96,75.6,77.65,MCA,Core/Other,0,3,1,35.4,48.0,0,0,0,
689,7.94,74.14,87.75,MCA,Core/Other,1,4,2,58.0,56.0,0,0,0,
690,7.7,83.3,73.48,ECE,Web Dev,0,3,1,46.3,70.6,0,0,1,6.93
691,6.98,63.62,80.33,CSE,Data Science,1,4,1,69.5,51.4,0,1,0,
692,8.34,82.16,83.39,MCA,Data Science,0,0,2,55.7,54.1,0,0,0,
693,6.33,96.22,87.18,CSE,Cloud/DevOps,1,2,0,49.3,85.2,0,0,0,
694,7.85,65.73,85.57,IT,Cloud/DevOps,2,0,1,55.7,55.8,0,0,1,8.23
695,7.83,79.71,83.72,ECE,Core/Other,2,2,0,100.0,79.3,0,0,1,7.21
696,7.02,72.04,71.85,ECE,Web Dev,0,2,2,51.7,83.8,0,1,0,
697,7.59,81.83,69.28,Civil,Data Science,2,3,1,39.2,54.0,0,1,1,7.99
698,6.17,78.17,78.33,CSE,Web Dev,3,3,0,71.7,51.7,0,0,1,6.44
699,8.13,72.23,84.33,MCA,AI/ML,0,1,1,57.1,60.9,0,1,0,
700,7.13,82.39,72.77,IT,Web Dev,1,1,0,31.7,48.7,0,1,0,
701,6.83,94.24,85.65,IT,AI/ML,3,1,1,100.0,66.8,1,0,0,
702,8.24,76.28,89.53,Mech,Cloud/DevOps,1,3,0,53.0,61.9,0,0,1,5.94
703,6.67,84.48,65.84,ECE,Cloud/DevOps,1,2,4,52.4,70.4,0,1,0,
704,6.03,66.36,66.63,Mech,Core/Other,2,5,3,63.2,86.0,0,1,0,
705,5.9,69.39,73.6,CSE,Web Dev,2,1,0,94.6,77.3,1,1,0,
706,7.85,82.25,78.08,Mech,Web Dev,2,4,4,26.4,72.3,0,0,1,6.29
707,6.15,91.36,69.75,CSE,AI/ML,2,3,1,65.5,35.5,0,1,0,
708,8.88,81.2,88.52,Mech,Cloud/DevOps,1,1,1,100.0,71.7,0,0,1,9.02
709,5.43,75.18,79.24,IT,AI/ML,0,2,3,62.6,90.8,0,1,0,
710,8.83,77.99,75.39,IT,Cloud/DevOps,1,4,2,35.3,19.8,0,1,1,7.66
711,7.49,66.75,60.64,MCA,AI/ML,4,0,1,47.6,75.3,0,1,1,6.01
712,7.21,83.44,61.84,Civil,Cloud/DevOps,1,1,0,64.1,62.6,0,1,0,
713,6.81,85.94,77.81,CSE,AI/ML,2,1,2,86.6,52.3,0,0,0,
714,7.66,73.93,53.67,IT,Cloud/DevOps,1,3,4,53.2,77.0,0,1,1,7.58
715,7.27,73.77,85.13,Mech,AI/ML,2,1,0,76.5,90.6,2,0,0,
716,8.29,80.39,73.42,IT,Web Dev,2,1,1,31.3,76.6,0,1,1,5.18
717,7.4,74.07,99.0,CSE,Core/Other,0,3,1,31.1,59.4,0,0,0,
718,7.44,77.4,98.08,IT,AI/ML,1,2,2,50.3,50.8,0,1,1,4.48
719,6.97,96.9,73.19,IT,Core/Other,0,6,4,88.8,67.2,0,0,1,6.85
720,7.25,75.78,73.94,Mech,Web Dev,4,4,2,61.4,78.1,0,1,1,11.01
721,7.58,74.77,84.96,ECE,Web Dev,0,1,1,65.8,59.2,0,0,0,
722,5.76,72.17,92.03,MCA,Cloud/DevOps,1,1,1,65.6,60.6,0,0,1,5.43
723,6.09,84.7,58.62,Civil,Core/Other,1,1,0,82.2,100.0,0,1,0,
724,7.97,76.37,57.14,MCA,Data Science,0,3,2,47.8,81.2,0,1,0,
725,7.45,72.16,68.78,CSE,Cloud/DevOps,1,8,2,73.8,82.3,0,0,0,
726,7.13,89.89,80.83,CSE,Core/Other,0,3,1,43.4,43.1,1,0,0,
727,7.32,90.78,79.97,IT,AI/ML,1,1,0,99.7,54.4,0,0,0,
728,7.61,72.6,85.7,CSE,AI/ML,0,1,0,44.0,66.1,0,1,0,
729,6.81,61.2,63.0,Civil,Web Dev,1,1,1,42.4,50.0,0,1,0,
730,6.6,87.07,51.84,ECE,Data Science,1,1,0,71.0,89.0,0,1,1,7.9
731,7.48,71.84,83.58,CSE,AI/ML,1,2,1,61.6,86.2,0,0,1,6.34
732,6.42,85.12,66.72,MCA,Core/Other,1,2,3,66.5,57.0,0,0,0,
733,7.67,60.27,54.82,ECE,Core/Other,3,1,1,64.5,91.8,0,1,1,7.0
734,5.77,86.03,76.45,Civil,AI/ML,0,3,3,38.2,64.9,0,0,0,
735,8.23,67.1,82.93,Mech,Core/Other,1,1,4,92.3,100.0,0,0,1,9.62
736,7.73,84.58,73.78,MCA,Core/Other,3,0,0,77.9,67.2,1,0,0,
737,7.53,78.13,70.42,ECE,Web Dev,3,2,1,87.2,73.6,0,1,1,7.29
738,8.18,69.41,73.41,MCA,Data Science,0,6,3,49.4,86.0,0,1,1,7.12
739,8.8,74.34,71.29,MCA,Web Dev,1,1,0,68.3,84.2,0,0,1,7.66
740,8.21,84.18,61.52,CSE,Data Science,2,2,0,63.9,72.7,0,1,1,9.42
741,5.64,78.95,67.85,CSE,Core/Other,1,1,2,82.6,62.9,0,0,0,
742,6.15,83.26,80.21,MCA,Data Science,0,3,1,83.2,72.7,0,0,1,4.31
743,6.74,95.79,78.22,CSE,Core/Other,0,1,0,63.9,52.8,0,0,0,
744,7.32,63.92,76.68,CSE,Core/Other,0,1,2,29.6,67.3,0,0,0,
745,7.77,92.55,65.05,ECE,Web Dev,1,2,2,95.6,48.4,0,0,1,8.65
746,6.65,78.94,73.18,CSE,Web Dev,1,3,3,71.1,38.3,2,1,0,
747,7.47,69.91,53.23,MCA,Cloud/DevOps,1,1,1,47.8,65.8,0,0,1,5.95
748,6.62,66.03,76.78,MCA,AI/ML,0,4,2,68.1,83.9,0,0,0,
749,6.75,76.3,89.29,Civil,Cloud/DevOps,0,3,0,29.8,78.9,0,0,0,
750,6.03,86.29,60.26,MCA,Cloud/DevOps,1,3,1,81.1,63.8,0,0,0,
751,6.47,76.85,69.14,CSE,Data Science,2,4,0,30.6,91.2,0,0,1,6.81
752,6.08,91.6,78.29,MCA,Core/Other,1,2,0,55.6,56.5,0,0,0,
753,6.42,64.94,87.53,Mech,Core/Other,3,3,1,64.9,36.2,0,1,0,
754,8.25,77.89,70.52,Civil,Core/Other,1,2,1,80.8,32.3,0,1,1,8.41
755,6.45,66.73,68.08,IT,AI/ML,0,4,0,62.1,47.3,0,1,0,
756,9.67,81.27,55.31,IT,Data Science,0,1,1,72.7,77.2,0,0,1,10.29
757,7.74,85.98,76.03,Mech,Data Science,0,2,0,59.4,55.5,0,1,1,7.68
758,7.47,74.21,95.42,CSE,Core/Other,0,4,1,59.4,71.9,0,0,0,
759,6.53,54.56,77.77,MCA,Cloud/DevOps,1,1,0,61.7,89.7,0,0,1,4.97
760,7.93,79.79,74.78,IT,AI/ML,3,3,0,56.2,48.5,0,0,1,6.84
761,6.78,81.93,78.22,CSE,Cloud/DevOps,0,5,0,26.3,72.2,0,0,0,
762,7.41,81.64,74.89,IT,Web Dev,1,2,3,44.6,73.1,0,1,1,7.41
763,9.6,89.12,66.87,CSE,Data Science,0,0,0,64.9,52.1,0,0,0,
764,7.21,68.36,83.23,ECE,Data Science,0,1,2,55.0,85.3,0,0,0,
765,8.33,84.12,77.26,Civil,Cloud/DevOps,0,1,1,56.9,60.7,0,0,0,
766,6.67,88.73,75.18,CSE,AI/ML,1,0,0,53.5,59.2,0,1,0,
767,7.27,61.99,65.25,Mech,Data Science,2,0,4,42.7,96.7,0,1,1,6.76
768,8.89,80.88,88.04,CSE,Cloud/DevOps,0,4,0,50.1,72.8,0,0,1,7.59
769,6.74,73.46,81.65,MCA,AI/ML,0,3,1,53.9,78.9,0,1,0,
770,8.93,77.27,69.47,CSE,Cloud/DevOps,1,3,2,60.1,85.3,0,1,1,7.7
771,7.94,81.13,85.02,Civil,AI/ML,2,1,2,67.9,55.2,0,0,1,9.5
772,6.79,73.61,70.02,ECE,Core/Other,2,1,1,56.4,83.7,0,1,1,6.77
773,7.87,71.92,67.18,ECE,AI/ML,1,1,2,39.4,57.5,0,0,0,
774,8.18,78.31,67.4,Mech,Web Dev,2,8,0,32.0,56.8,2,0,0,
775,7.86,68.21,57.29,ECE,Core/Other,1,0,3,100.0,60.9,0,1,1,9.38
776,5.89,68.23,79.72,Civil,Cloud/DevOps,0,2,2,37.4,55.7,0,0,0,
777,6.65,84.11,56.69,ECE,Core/Other,2,3,2,49.6,77.3,0,0,1,6.92
778,7.08,67.66,62.72,Civil,Core/Other,1,6,3,70.3,69.0,1,1,1,7.56
779,7.23,84.0,54.24,MCA,Cloud/DevOps,3,4,1,67.2,57.6,0,0,1,7.33
780,7.86,82.16,74.14,CSE,Cloud/DevOps,1,2,2,70.4,75.1,2,0,0,
781,7.46,62.47,73.5,MCA,Web Dev,0,1,0,51.1,60.9,0,0,0,
782,6.1,71.9,71.73,CSE,Cloud/DevOps,3,2,3,64.8,60.1,0,0,1,6.69
783,7.64,88.75,64.57,MCA,Data Science,0,2,2,61.2,65.7,0,0,1,6.83
784,7.85,69.17,63.28,MCA,Data Science,0,1,2,53.8,72.0,0,1,1,6.85
785,7.8,73.82,79.64,MCA,Web Dev,2,0,0,64.9,70.8,0,0,0,
786,8.27,82.16,69.49,CSE,AI/ML,2,0,2,81.1,59.6,0,1,1,8.85
787,8.05,85.05,78.16,CSE,AI/ML,3,2,2,59.6,77.7,0,0,1,7.01
788,7.71,75.74,66.15,MCA,Data Science,0,4,1,59.7,61.7,0,1,1,6.65
789,7.24,72.62,76.81,Civil,Cloud/DevOps,1,1,1,81.4,55.2,0,1,1,7.78
790,5.81,90.8,88.03,IT,Web Dev,0,0,1,79.2,43.0,0,0,0,
791,7.69,93.65,80.86,IT,AI/ML,1,4,1,91.7,79.7,0,1,1,9.32
792,7.49,86.81,70.88,ECE,AI/ML,1,5,0,24.9,65.2,0,1,0,
793,7.54,78.77,77.57,MCA,Core/Other,3,2,3,78.1,68.2,0,0,1,7.38
794,6.15,70.73,72.59,IT,Data Science,2,1,1,72.0,80.7,0,0,0,
795,6.33,70.53,75.08,IT,Cloud/DevOps,1,3,2,42.3,57.8,0,1,0,
796,8.25,82.7,71.74,CSE,Web Dev,0,1,1,65.0,44.4,0,1,0,
797,7.26,81.77,73.36,Civil,AI/ML,0,3,3,81.0,66.0,0,0,1,7.06
798,7.91,90.61,77.12,CSE,Core/Other,0,0,5,43.4,69.6,0,0,1,7.25
799,7.33,83.85,65.07,IT,Data Science,0,0,2,68.9,61.1,0,0,0,
800,7.33,64.47,64.84,CSE,Data Science,0,3,1,77.4,87.1,0,0,1,8.5
801,8.14,87.47,61.11,CSE,Web Dev,0,3,1,38.6,27.7,0,1,0,
802,6.84,69.02,59.0,ECE,AI/ML,1,1,1,57.2,81.8,0,0,0,
803,7.39,74.54,62.83,CSE,Web Dev,1,0,0,66.0,76.9,0,0,1,6.57
804,6.88,80.25,76.59,CSE,Web Dev,4,1,0,44.1,71.9,0,1,1,7.94
805,6.91,95.96,66.07,MCA,Core/Other,4,0,2,42.4,15.0,2,0,0,
806,7.02,99.0,80.14,CSE,Data Science,1,1,1,57.3,84.3,0,0,1,4.92
807,7.5,83.46,75.35,CSE,Cloud/DevOps,1,0,2,76.0,49.6,0,0,1,7.54
808,6.87,76.35,55.31,Mech,Data Science,1,2,5,72.9,57.4,0,0,1,8.01
809,8.43,82.81,81.55,ECE,Data Science,0,3,4,42.8,62.4,0,0,1,8.54
810,6.49,85.99,83.11,Mech,Core/Other,2,2,0,73.0,71.1,0,0,1,6.67
811,7.13,75.11,65.06,Mech,Cloud/DevOps,0,6,0,43.3,74.6,0,0,0,
812,6.9,94.16,79.2,ECE,AI/ML,0,5,2,27.8,78.4,0,1,0,
813,8.6,80.07,66.44,CSE,Cloud/DevOps,3,1,2,52.7,77.2,0,1,1,6.78
814,7.48,82.48,75.98,ECE,AI/ML,2,2,2,82.5,68.8,0,0,1,8.1
815,8.23,83.99,62.36,Mech,Cloud/DevOps,1,2,1,73.1,71.2,0,0,1,7.36
816,5.96,81.79,57.07,ECE,Web Dev,2,2,1,60.0,48.6,0,1,0,
817,7.54,85.55,71.17,MCA,Cloud/DevOps,0,3,2,51.7,53.7,0,0,1,6.41
818,8.1,72.44,73.76,CSE,Core/Other,0,2,1,52.2,78.4,0,1,0,
819,7.37,72.98,71.02,Mech,AI/ML,1,0,4,62.2,77.6,0,1,0,
820,8.26,68.1,63.16,ECE,Data Science,0,3,0,38.6,75.9,0,0,0,
821,6.83,81.96,71.0,Civil,Core/Other,3,8,3,53.0,57.3,0,0,1,4.13
822,8.57,85.01,77.69,CSE,AI/ML,4,1,6,55.7,78.7,0,0,1,8.46
823,9.37,82.12,74.55,CSE,AI/ML,1,3,4,33.0,47.6,0,0,1,8.2
824,6.97,93.07,76.83,CSE,Data Science,0,1,2,43.2,81.2,0,1,0,
825,6.9,77.95,68.3,ECE,Web Dev,1,2,2,68.2,61.1,0,1,0,
826,8.61,84.02,86.72,CSE,Core/Other,2,2,1,60.2,90.3,0,0,1,9.88
827,8.72,68.17,63.24,CSE,Data Science,1,1,2,53.8,42.2,1,0,0,
828,6.83,74.52,79.88,Civil,Data Science,0,1,2,41.8,91.5,1,0,0,
829,6.92,84.26,86.82,CSE,Web Dev,2,3,2,91.5,59.6,0,0,1,9.07
830,7.05,85.64,79.81,Mech,Core/Other,1,3,2,43.2,59.3,0,1,0,
831,6.09,75.35,72.97,IT,Data Science,0,2,2,65.0,67.9,0,1,0,
832,6.47,77.36,69.72,Mech,Web Dev,0,2,0,50.2,54.5,0,0,0,
833,6.4,64.34,85.36,MCA,Core/Other,1,2,1,60.7,63.9,0,0,0,
834,6.61,74.79,60.77,Mech,Cloud/DevOps,1,0,0,69.2,53.9,0,0,0,
835,7.27,86.01,65.3,Civil,AI/ML,2,3,1,32.6,54.5,0,0,0,
836,7.51,83.18,71.02,CSE,Web Dev,0,3,2,59.9,72.3,0,0,1,6.28
837,8.7,82.51,87.38,CSE,AI/ML,3,2,1,83.8,51.5,0,0,1,9.81
838,6.4,78.45,78.8,CSE,Cloud/DevOps,1,1,1,95.2,53.5,0,0,1,5.55
839,8.19,78.06,65.32,ECE,Data Science,0,2,2,57.4,44.4,0,1,1,6.29
840,7.11,72.06,71.9,Mech,Data Science,1,5,2,60.8,57.4,0,0,1,8.59
841,7.26,84.29,68.86,IT,Core/Other,0,0,2,100.0,84.7,0,0,1,7.7
842,7.91,81.79,67.9,MCA,Web Dev,0,0,0,82.7,52.3,0,1,0,
843,6.29,82.43,84.79,CSE,Web Dev,0,1,1,47.7,54.0,0,1,0,
844,7.64,73.27,61.28,Mech,Core/Other,2,2,2,47.6,67.9,2,0,0,
845,7.45,58.62,91.09,Civil,AI/ML,0,2,3,79.1,59.4,0,0,1,4.78
846,7.74,87.87,83.28,CSE,Data Science,0,1,1,39.8,98.4,2,1,0,
847,7.56,73.69,85.91,MCA,Data Science,1,5,3,81.8,62.6,0,0,0,
848,9.51,70.24,70.37,CSE,Web Dev,1,0,2,66.7,70.0,0,0,1,10.21
849,6.73,84.24,73.5,MCA,Web Dev,0,1,0,70.4,79.2,0,0,1,7.86
850,6.82,74.47,60.67,MCA,Core/Other,2,2,2,54.9,78.9,0,0,1,6.68
851,6.74,87.54,69.75,CSE,Cloud/DevOps,3,3,1,47.4,68.5,0,0,1,6.14
852,6.8,83.55,79.94,IT,AI/ML,2,2,2,89.2,62.6,0,0,1,6.46
853,6.73,84.15,87.96,IT,Cloud/DevOps,1,0,2,55.1,95.4,2,1,0,
854,8.37,65.71,63.93,MCA,Cloud/DevOps,0,2,0,51.8,63.5,0,1,0,
855,8.58,88.91,71.34,MCA,Web Dev,0,0,0,58.4,58.4,0,1,0,
856,6.79,80.35,73.49,CSE,Web Dev,0,2,2,63.9,55.3,0,0,0,
857,6.55,74.68,61.04,ECE,Web Dev,2,6,2,39.4,39.1,0,0,0,
858,7.72,79.29,80.91,ECE,Cloud/DevOps,0,3,2,48.7,77.3,0,1,0,
859,6.8,62.01,67.76,IT,AI/ML,2,0,2,47.6,29.8,0,0,0,
860,7.87,81.68,73.05,CSE,Web Dev,3,3,4,76.9,64.9,0,0,1,9.83
861,7.48,68.74,70.48,ECE,Data Science,2,1,1,42.3,61.9,0,0,0,
862,5.94,65.83,67.11,Civil,AI/ML,0,1,1,24.9,98.6,0,0,0,
863,8.69,64.3,74.93,CSE,Data Science,0,4,1,20.7,37.5,0,0,0,
864,8.92,88.01,72.84,IT,AI/ML,0,3,3,30.6,51.5,0,0,0,
865,6.75,72.34,71.28,CSE,Web Dev,1,0,0,87.2,63.0,1,1,0,
866,6.95,91.8,67.72,MCA,Core/Other,0,0,2,60.3,62.0,0,0,0,
867,7.56,73.18,78.2,CSE,Web Dev,0,0,0,70.0,56.8,0,1,0,
868,7.6,62.63,91.54,IT,Cloud/DevOps,3,5,1,70.7,63.8,0,1,1,8.27
869,7.89,67.95,76.4,ECE,Cloud/DevOps,1,2,2,61.1,46.1,0,0,0,
870,9.11,89.12,84.96,MCA,AI/ML,1,5,2,58.5,70.4,0,1,1,8.12
871,7.14,76.6,61.1,IT,Cloud/DevOps,1,0,4,80.9,30.2,0,1,0,
872,6.58,73.07,76.58,IT,Web Dev,1,3,2,62.9,64.6,0,0,0,
873,6.06,79.44,64.03,MCA,Data Science,1,5,1,88.0,56.0,0,0,0,
874,6.64,82.52,60.23,CSE,Web Dev,1,2,3,72.4,80.2,0,0,0,
875,7.27,88.06,67.61,CSE,AI/ML,0,4,2,47.6,91.3,0,1,0,
876,8.92,91.04,86.92,Mech,Cloud/DevOps,0,2,4,50.1,60.0,0,0,0,
877,6.83,74.76,84.5,CSE,Data Science,1,3,0,45.5,85.9,0,0,0,
878,7.5,66.07,77.43,ECE,Core/Other,2,1,1,84.4,60.3,0,0,1,6.37
879,7.29,74.28,59.67,Civil,Data Science,1,1,4,51.9,50.5,0,0,0,
880,8.37,80.34,73.04,CSE,Data Science,1,1,0,44.0,91.2,0,0,1,8.47
881,9.57,69.33,78.02,IT,Web Dev,3,6,1,66.4,72.8,0,0,1,11.42
882,6.82,69.39,76.76,MCA,Core/Other,0,1,1,58.1,65.1,0,1,0,
883,6.86,81.09,56.56,Mech,AI/ML,1,4,3,65.9,75.3,2,1,1,8.68
884,8.24,77.56,66.1,Civil,AI/ML,0,1,1,97.8,69.1,0,1,1,7.01
885,7.91,78.3,74.36,ECE,Data Science,1,3,1,78.3,64.0,0,0,0,
886,8.96,71.17,80.36,CSE,Data Science,3,2,2,60.5,45.1,0,1,1,9.15
887,7.83,75.93,53.04,ECE,Cloud/DevOps,0,1,3,31.8,60.9,0,0,0,
888,6.98,69.68,73.38,IT,Core/Other,1,1,0,50.0,74.3,0,0,0,
889,7.83,86.01,76.43,MCA,Data Science,0,1,1,74.2,63.2,0,1,1,10.26
890,8.3,87.32,83.5,CSE,Cloud/DevOps,0,1,3,36.6,78.5,0,0,1,5.37
891,8.04,61.38,81.93,CSE,Core/Other,0,1,0,100.0,70.8,0,0,1,7.48
892,7.76,69.63,80.83,ECE,AI/ML,0,3,1,60.3,51.8,0,0,0,
893,8.26,64.53,67.0,IT,Cloud/DevOps,1,1,1,61.0,45.2,0,0,0,
894,8.35,72.15,55.92,IT,Core/Other,0,0,0,46.7,62.6,0,1,0,
895,8.54,77.25,71.07,IT,Cloud/DevOps,2,1,1,69.9,57.1,0,0,1,9.92
896,7.88,64.95,85.02,Mech,Data Science,0,1,2,36.8,70.0,0,1,0,
897,7.15,69.7,88.93,ECE,Web Dev,3,5,3,100.0,54.2,2,0,1,8.97
898,7.43,68.96,82.11,CSE,AI/ML,0,1,2,86.3,55.8,0,0,0,
899,8.39,79.87,79.29,CSE,Data Science,1,1,3,79.7,80.8,0,0,1,7.37
900,6.56,78.62,78.8,CSE,Data Science,3,1,0,32.2,67.2,2,1,0,
901,7.63,71.5,69.44,Civil,Core/Other,0,4,2,64.1,54.5,0,1,0,
902,6.95,79.59,73.7,MCA,Cloud/DevOps,2,2,3,84.2,65.3,0,0,1,5.2
903,7.33,73.08,91.69,MCA,AI/ML,0,3,0,71.9,85.7,0,0,1,8.55
904,8.45,75.56,65.57,MCA,Data Science,0,1,3,40.0,69.4,0,1,1,7.27
905,7.47,93.06,91.15,IT,Core/Other,1,1,2,47.0,73.9,0,0,1,6.82
906,7.34,90.06,71.78,Mech,AI/ML,2,1,2,51.0,53.7,0,0,0,
907,6.08,66.3,88.25,MCA,Cloud/DevOps,2,1,5,47.9,80.4,0,0,1,4.27
908,7.97,85.47,60.93,CSE,Data Science,1,0,2,90.6,99.8,0,0,0,
909,7.88,85.3,80.86,CSE,Data Science,1,4,1,21.6,53.1,0,0,0,
910,9.25,67.67,67.63,MCA,Data Science,1,4,2,73.1,47.3,0,0,1,6.53
911,7.02,85.37,60.85,Civil,AI/ML,0,8,6,34.2,67.6,0,1,1,6.39
912,7.5,91.84,77.19,IT,AI/ML,1,5,1,40.8,78.1,0,1,1,6.04
913,7.52,67.9,85.09,Mech,AI/ML,2,3,2,19.8,63.6,0,1,0,
914,8.72,69.74,66.55,ECE,AI/ML,1,5,0,49.0,49.2,0,0,1,8.12
915,7.21,87.16,60.01,CSE,Core/Other,0,0,5,90.2,63.4,0,0,1,7.62
916,7.55,80.44,74.08,CSE,Web Dev,2,1,3,65.3,74.0,0,1,1,6.8
917,7.85,82.96,74.13,CSE,Core/Other,1,4,5,36.0,58.9,0,1,1,7.39
918,7.47,81.07,80.48,ECE,Data Science,1,1,2,80.3,74.1,0,0,1,4.85
919,6.9,81.52,84.5,CSE,Core/Other,2,0,0,84.6,82.5,0,0,1,7.11
920,7.47,66.06,74.41,IT,Cloud/DevOps,2,1,0,62.1,68.6,2,1,0,
921,8.27,87.43,93.56,MCA,AI/ML,1,2,1,100.0,64.6,0,1,1,8.53
922,6.38,88.53,77.24,ECE,Cloud/DevOps,0,0,1,76.4,77.4,1,1,0,
923,7.42,75.94,71.54,CSE,Cloud/DevOps,1,4,3,73.7,52.2,0,1,1,8.3
924,6.67,77.61,58.88,IT,Data Science,2,2,1,43.9,50.7,1,0,0,
925,8.38,64.22,72.37,MCA,AI/ML,2,4,2,72.5,61.0,0,0,1,8.54
926,5.93,82.63,71.64,MCA,Cloud/DevOps,1,3,3,64.3,57.6,1,1,1,5.95
927,6.8,83.15,84.6,Mech,Data Science,1,3,1,70.4,52.9,0,0,0,
928,7.64,77.44,79.62,CSE,AI/ML,2,1,1,46.3,92.5,1,0,0,
929,8.71,88.12,63.21,Mech,Web Dev,0,2,4,62.6,97.6,0,1,1,7.75
930,7.24,74.99,76.72,ECE,Data Science,0,4,2,43.7,59.7,0,0,0,
931,6.8,83.08,81.72,MCA,Core/Other,1,2,2,17.1,66.4,0,1,0,
932,8.99,68.82,90.28,ECE,AI/ML,1,1,2,80.0,62.2,0,1,1,9.73
933,6.0,77.79,83.88,IT,Cloud/DevOps,1,3,3,30.0,81.6,0,0,0,
934,5.32,76.43,82.61,CSE,Cloud/DevOps,0,4,1,62.1,84.6,2,0,0,
935,7.7,80.03,75.6,ECE,Core/Other,1,3,0,66.7,38.3,0,0,0,
936,6.85,74.67,78.88,MCA,Core/Other,2,1,0,66.5,72.1,0,1,1,8.81
937,6.38,76.82,87.5,MCA,Cloud/DevOps,0,4,4,54.3,45.4,0,0,0,
938,7.94,85.43,61.67,IT,AI/ML,3,0,2,65.4,91.4,0,0,1,7.95
939,7.52,74.07,71.51,Mech,Data Science,1,2,2,69.4,71.6,0,1,1,8.59
940,6.79,63.54,67.27,MCA,Core/Other,2,3,1,74.7,52.6,0,0,0,
941,6.15,93.75,78.79,CSE,Core/Other,1,1,2,94.7,61.4,0,0,1,8.22
942,8.09,90.43,87.3,IT,Core/Other,1,5,1,64.7,60.7,0,0,1,8.4
943,7.89,66.37,69.03,ECE,Web Dev,1,1,1,61.3,72.9,0,0,0,
944,7.21,84.21,51.1,ECE,AI/ML,2,1,1,41.9,80.6,0,1,0,
945,8.96,73.47,70.88,MCA,AI/ML,0,1,1,68.7,47.8,0,0,1,8.53
946,6.34,80.37,84.13,Mech,AI/ML,1,1,0,73.3,92.6,0,0,0,
947,5.93,80.65,80.38,CSE,AI/ML,1,2,1,56.2,89.1,0,1,0,
948,6.68,75.89,79.28,IT,AI/ML,1,3,1,70.9,51.9,0,1,0,
949,7.26,70.95,72.2,Mech,Cloud/DevOps,0,3,2,54.1,66.1,0,0,0,
950,7.52,71.79,62.21,Mech,Core/Other,0,3,1,73.4,90.7,0,1,1,7.64
951,7.08,69.75,80.15,ECE,Cloud/DevOps,1,0,3,78.3,83.5,0,1,1,6.53
952,7.62,70.51,66.66,Mech,Web Dev,2,1,2,78.0,59.9,0,0,1,7.77
953,6.17,77.4,96.84,CSE,Data Science,1,4,3,62.4,77.2,0,1,0,
954,8.6,71.56,80.71,Mech,Core/Other,1,2,2,39.2,100.0,0,1,1,6.53
955,7.23,84.14,69.19,IT,Web Dev,1,1,4,47.8,66.6,0,0,1,4.66
956,8.31,91.39,68.89,CSE,Cloud/DevOps,1,1,0,71.9,55.5,0,1,0,
957,7.61,72.78,74.07,CSE,Data Science,1,6,3,100.0,67.6,0,1,1,6.27
958,7.71,80.15,72.6,IT,Web Dev,1,2,4,53.2,68.7,0,1,1,5.48
959,7.81,82.5,86.17,CSE,Data Science,2,3,2,69.1,57.1,0,0,0,
960,7.7,82.25,76.86,IT,Web Dev,2,1,5,48.9,71.6,0,0,0,
961,7.88,78.68,67.68,CSE,Cloud/DevOps,1,2,2,40.5,46.2,0,0,0,
962,8.5,84.68,93.9,IT,Data Science,1,3,1,46.5,55.0,0,0,1,7.11
963,7.48,82.34,75.49,MCA,Web Dev,2,2,2,18.4,76.4,0,1,0,
964,7.94,66.86,82.69,IT,Cloud/DevOps,1,2,3,87.1,38.7,0,0,1,8.09
965,7.22,85.82,68.92,IT,Core/Other,0,4,0,15.4,78.5,0,0,0,
966,8.6,85.99,78.63,ECE,Cloud/DevOps,5,1,1,54.7,34.8,1,1,1,9.04
967,6.69,71.13,78.11,Mech,Cloud/DevOps,1,2,1,36.4,39.0,0,0,0,
968,8.92,78.34,56.1,ECE,Core/Other,1,3,1,42.3,57.5,0,0,0,
969,7.26,84.15,95.15,IT,Cloud/DevOps,1,1,2,87.5,69.3,1,0,0,
970,6.01,76.12,87.91,ECE,Core/Other,2,3,4,64.0,84.9,0,0,0,
971,7.42,87.66,71.03,CSE,Core/Other,2,4,4,40.7,65.9,0,1,0,
972,6.69,99.0,63.98,CSE,Core/Other,2,4,3,48.2,61.3,0,1,1,5.41
973,8.06,70.93,78.48,IT,Web Dev,2,2,2,44.7,73.7,0,0,0,
974,6.71,65.57,75.87,Mech,Data Science,2,1,6,59.1,51.9,1,0,0,
975,6.9,80.73,78.56,CSE,Web Dev,0,0,4,63.5,67.1,0,1,0,
976,5.6,84.49,76.92,CSE,Core/Other,5,3,0,97.9,47.0,1,1,0,
977,6.89,75.92,80.06,CSE,Data Science,1,2,1,21.7,66.2,0,0,0,
978,5.12,91.08,89.47,Mech,Data Science,2,0,1,59.3,63.1,0,1,1,6.07
979,5.87,65.95,80.68,MCA,Core/Other,1,8,2,53.7,52.9,0,0,0,
980,7.98,84.24,64.5,CSE,Data Science,0,2,1,78.9,67.5,1,0,0,
981,8.01,72.55,88.63,MCA,Data Science,0,0,0,67.1,67.4,0,1,0,
982,7.68,93.47,91.41,MCA,Web Dev,0,4,0,71.8,82.6,0,0,1,6.87
983,6.43,95.93,99.0,ECE,Data Science,0,4,1,66.9,40.9,0,0,1,7.95
984,7.26,71.1,63.77,CSE,Core/Other,1,3,1,41.4,63.9,0,0,1,5.48
985,7.3,73.05,77.43,Mech,AI/ML,0,4,0,84.2,53.6,0,0,0,
986,6.26,85.74,54.18,IT,AI/ML,2,3,1,76.0,78.0,0,1,0,
987,8.65,74.52,80.53,ECE,AI/ML,2,1,2,78.3,76.3,1,0,0,
988,8.09,77.59,69.52,CSE,Core/Other,0,1,2,85.3,72.6,0,0,0,
989,7.1,78.23,94.23,IT,AI/ML,3,3,2,68.4,54.4,0,0,1,6.8
990,7.32,60.72,67.25,IT,Web Dev,1,2,0,89.6,78.3,0,1,1,10.27
991,7.49,77.88,58.11,MCA,Core/Other,0,3,2,67.6,42.0,0,0,0,
992,5.46,71.79,70.29,CSE,Core/Other,1,4,2,55.6,39.0,0,1,0,
993,7.08,73.56,55.25,ECE,Core/Other,0,4,2,59.9,45.9,0,1,0,
994,6.69,90.99,82.51,CSE,Data Science,2,3,1,59.5,64.5,0,1,0,
995,6.4,66.69,54.35,ECE,Data Science,1,3,2,49.6,75.1,0,1,0,
996,7.05,85.32,75.28,Mech,Data Science,1,5,3,92.6,20.4,0,0,1,6.9
997,8.92,75.49,54.22,MCA,Cloud/DevOps,0,1,1,65.9,84.8,0,0,1,7.76
998,7.88,75.48,71.8,ECE,Web Dev,1,3,2,61.9,67.0,0,1,1,8.61
999,6.79,85.11,91.43,ECE,Core/Other,1,1,0,67.8,41.5,0,1,0,
1000,7.82,81.06,78.61,IT,Core/Other,0,2,3,100.0,66.5,0,0,1,8.16
1001,8.56,83.14,66.37,Mech,Data Science,1,2,1,37.4,81.4,0,0,0,
1002,8.13,86.71,74.69,IT,Core/Other,1,2,4,43.1,74.0,0,0,0,
1003,7.35,75.02,75.18,MCA,Core/Other,3,1,2,32.4,81.5,0,1,1,6.37
1004,6.72,72.49,79.73,ECE,AI/ML,1,2,2,55.3,44.5,1,1,0,
1005,7.93,68.23,61.33,IT,Core/Other,1,4,1,64.9,58.8,0,0,1,8.17
1006,7.65,70.57,80.93,IT,Cloud/DevOps,5,2,1,50.7,51.1,0,0,1,8.35
1007,8.11,99.0,47.96,IT,Data Science,0,1,2,49.2,90.8,0,0,0,
1008,7.87,89.2,68.7,Mech,Web Dev,1,1,3,62.8,74.6,0,0,0,
1009,8.24,65.84,70.12,Civil,Web Dev,1,2,1,50.0,100.0,0,1,1,6.69
1010,6.82,66.1,81.33,MCA,AI/ML,3,4,3,66.2,58.0,1,1,1,6.54
1011,8.49,82.34,75.23,ECE,Web Dev,1,2,2,82.3,54.1,0,0,1,7.93
1012,7.48,82.93,60.94,Mech,Web Dev,1,1,2,73.5,62.9,0,0,1,8.98
1013,9.17,82.94,65.15,CSE,Data Science,1,2,1,77.6,85.7,0,0,1,9.95
1014,6.68,75.71,76.99,CSE,Data Science,2,3,2,81.7,59.5,0,1,1,6.07
1015,8.86,76.87,74.21,ECE,Cloud/DevOps,1,2,1,65.7,66.9,0,0,0,
1016,7.48,80.95,69.21,Mech,AI/ML,0,1,2,56.8,66.5,0,0,1,6.07
1017,6.71,78.77,70.19,Mech,Web Dev,0,7,3,44.6,65.6,1,1,0,
1018,6.86,58.03,81.96,IT,Cloud/DevOps,1,1,2,52.2,55.2,0,1,0,
1019,7.01,75.93,69.82,CSE,AI/ML,0,1,1,49.5,62.9,0,1,0,
1020,7.68,70.34,74.12,IT,Web Dev,2,0,1,74.6,62.3,0,0,1,6.41
1021,7.77,79.58,96.7,CSE,Web Dev,0,6,0,66.9,64.9,0,0,1,7.04
1022,6.78,99.0,60.76,IT,Data Science,1,1,0,73.9,79.2,0,0,1,5.68
1023,7.28,81.31,56.48,ECE,Core/Other,2,2,2,36.8,91.4,0,1,1,7.49
1024,9.23,75.18,82.84,CSE,AI/ML,0,2,1,88.6,52.4,0,1,0,
1025,8.85,86.3,68.21,Mech,Web Dev,0,3,2,51.5,59.1,0,1,1,7.45
1026,7.69,82.34,71.82,IT,AI/ML,0,3,2,38.0,52.6,0,0,1,6.04
1027,7.33,81.78,67.19,MCA,Cloud/DevOps,0,2,0,51.2,67.8,0,1,0,
1028,7.41,83.46,72.4,CSE,Cloud/DevOps,1,3,2,100.0,56.9,0,0,1,8.18
1029,7.85,96.51,90.99,IT,Core/Other,1,2,2,52.2,68.6,0,0,1,7.08
1030,6.38,67.82,83.02,CSE,Web Dev,0,6,1,53.5,81.6,0,0,0,
1031,7.07,82.26,83.62,Civil,Data Science,0,0,1,56.2,27.1,1,1,1,4.26
1032,5.8,69.66,60.84,Mech,Web Dev,0,6,1,57.0,72.4,0,0,1,3.69
1033,7.66,83.0,63.49,IT,AI/ML,0,3,3,44.4,58.1,1,1,0,
1034,7.88,69.73,46.61,CSE,Cloud/DevOps,1,3,1,62.9,71.9,0,1,0,
1035,6.87,74.24,66.91,Civil,AI/ML,2,3,2,81.5,51.6,0,0,0,
1036,8.72,75.34,84.57,IT,Core/Other,2,1,0,66.3,82.9,0,1,1,7.05
1037,6.2,86.78,80.17,CSE,Cloud/DevOps,0,4,0,37.8,78.7,0,0,1,2.75
1038,5.98,86.27,72.78,MCA,Data Science,1,0,0,53.1,73.5,0,0,0,
1039,7.5,66.79,74.78,Civil,Cloud/DevOps,1,3,3,49.0,76.9,0,1,1,7.79
1040,8.24,78.49,68.11,CSE,Web Dev,1,3,0,61.1,53.8,0,1,1,7.08
1041,8.82,71.61,77.05,CSE,Web Dev,2,2,0,86.6,55.7,0,0,1,9.92
1042,6.89,66.67,82.66,Civil,Cloud/DevOps,2,2,2,57.0,76.3,0,1,1,6.09
1043,8.27,76.05,58.84,CSE,Core/Other,1,2,0,58.2,53.5,0,1,0,
1044,7.27,75.22,78.0,CSE,Web Dev,2,1,0,95.6,86.7,1,0,1,7.89
1045,7.14,99.0,84.32,MCA,Web Dev,1,1,1,77.5,60.1,0,0,0,
1046,8.1,81.9,70.85,Mech,Data Science,3,4,1,71.5,72.5,0,1,1,8.41
1047,7.89,65.6,82.01,MCA,Cloud/DevOps,1,4,0,99.2,96.5,0,0,1,10.78
1048,5.88,72.92,99.0,Civil,Web Dev,0,2,0,69.8,54.4,0,1,0,
1049,8.63,87.19,73.96,ECE,Core/Other,0,1,3,20.3,66.0,1,1,0,
1050,8.54,96.8,78.93,CSE,AI/ML,1,1,1,76.7,80.8,0,0,1,8.32
1051,6.74,63.73,67.62,Civil,Cloud/DevOps,0,5,1,28.2,79.3,0,1,1,5.38
1052,7.66,61.08,76.81,IT,Data Science,3,4,0,69.0,60.1,0,0,1,8.64
1053,7.74,94.84,79.6,IT,Web Dev,3,4,3,25.7,57.2,2,1,0,
1054,7.53,81.51,76.95,MCA,Core/Other,0,3,1,50.7,61.5,0,0,0,
1055,6.8,70.19,64.8,IT,Cloud/DevOps,1,2,3,52.7,86.7,0,1,1,6.45
1056,6.7,82.81,77.06,CSE,Core/Other,2,2,2,44.6,60.8,0,0,0,
1057,7.28,54.28,89.62,CSE,Core/Other,1,1,2,53.0,66.2,1,1,0,
1058,8.36,78.03,79.49,IT,Data Science,1,3,0,80.7,58.6,2,0,0,
1059,7.79,80.95,84.62,Mech,Cloud/DevOps,1,1,1,45.7,75.6,0,0,0,
1060,6.97,86.32,72.63,MCA,Web Dev,1,2,1,70.9,67.3,0,0,0,
1061,7.99,68.87,82.5,Civil,Data Science,0,2,0,40.7,49.9,0,1,0,
1062,5.0,78.77,77.79,IT,Web Dev,0,3,5,56.2,50.5,0,0,0,
1063,8.33,69.67,65.49,IT,AI/ML,2,0,0,66.5,35.0,0,1,1,7.12
1064,5.73,80.3,78.19,CSE,Core/Other,3,4,4,40.1,52.5,0,1,1,5.37
1065,6.97,69.94,65.08,CSE,AI/ML,0,1,0,33.8,76.9,0,1,0,
1066,6.29,74.33,68.67,IT,Core/Other,1,0,0,69.8,84.9,0,0,1,4.95
1067,6.13,69.04,76.89,ECE,Data Science,3,1,0,82.5,75.3,0,1,0,
1068,8.34,83.86,77.97,Mech,Web Dev,3,0,0,58.4,73.3,0,0,0,
1069,6.88,85.73,63.11,Civil,Web Dev,1,1,1,50.9,63.1,0,1,0,
1070,7.61,75.89,85.54,CSE,Data Science,0,1,0,63.1,76.6,0,1,1,8.78
1071,7.26,78.34,80.72,Mech,Cloud/DevOps,0,3,1,61.1,69.3,0,0,0,
1072,7.73,64.96,67.95,IT,AI/ML,2,1,1,64.9,92.1,0,0,0,
1073,7.37,75.3,59.62,CSE,AI/ML,2,0,2,9.4,63.5,0,0,0,
1074,6.15,77.55,73.55,Mech,Web Dev,0,2,0,38.6,85.1,1,0,0,
1075,8.2,99.0,70.54,MCA,Web Dev,2,2,3,43.1,78.1,0,1,1,6.74
1076,6.86,67.99,76.13,CSE,Web Dev,1,3,3,63.0,76.0,0,0,1,7.13
1077,5.9,91.18,71.37,IT,Data Science,1,5,3,63.7,34.8,0,1,0,
1078,6.91,86.97,54.93,IT,Cloud/DevOps,0,2,1,72.7,78.9,1,0,0,
1079,8.65,80.53,71.12,ECE,AI/ML,2,1,0,65.2,63.1,0,1,1,9.87
1080,8.07,93.83,71.94,IT,Core/Other,0,2,1,34.0,58.3,0,1,0,
1081,6.99,81.35,81.34,Civil,Data Science,4,0,2,88.9,42.8,0,1,0,
1082,6.99,81.5,68.02,CSE,AI/ML,1,5,2,85.4,64.9,1,0,0,
1083,7.01,77.52,91.79,IT,Cloud/DevOps,1,1,1,34.8,65.5,0,0,0,
1084,9.17,89.01,55.88,MCA,Data Science,3,1,1,66.7,45.5,0,0,1,10.09
1085,7.64,87.87,88.11,MCA,AI/ML,0,1,1,48.1,42.9,1,0,0,
1086,7.69,72.37,72.76,IT,Data Science,1,2,3,62.8,72.3,0,1,1,7.76
1087,8.23,66.13,83.6,ECE,AI/ML,4,1,1,81.1,78.1,0,1,1,9.18
1088,7.51,76.17,75.8,Mech,AI/ML,1,3,1,100.0,67.9,0,0,1,10.76
1089,7.07,70.8,86.4,Civil,Cloud/DevOps,1,4,1,75.0,82.3,0,0,1,6.03
1090,7.12,77.43,71.13,Mech,Core/Other,1,2,2,65.9,63.7,0,0,1,8.05
1091,7.24,89.14,64.01,Mech,Cloud/DevOps,1,3,0,53.2,64.2,0,0,0,
1092,7.27,73.88,89.21,MCA,AI/ML,2,4,2,63.6,51.2,0,0,1,7.96
1093,7.95,77.61,73.87,Mech,Data Science,1,1,4,87.2,41.6,0,1,1,8.96
1094,7.35,78.52,77.22,IT,Cloud/DevOps,2,2,1,59.1,92.8,0,0,0,
1095,7.96,85.64,87.35,IT,Core/Other,1,3,2,42.3,82.0,0,1,1,6.34
1096,7.23,57.78,64.68,IT,AI/ML,0,4,1,27.6,44.1,0,0,0,
1097,7.37,72.54,80.95,MCA,Cloud/DevOps,5,5,0,70.3,67.3,0,1,1,9.16
1098,5.5,79.9,69.1,IT,Cloud/DevOps,2,3,5,64.9,63.5,0,0,0,
1099,8.12,88.8,73.68,Civil,Cloud/DevOps,1,0,0,47.1,60.9,1,1,1,6.17
1100,7.61,73.57,75.72,IT,Cloud/DevOps,1,2,0,80.5,58.9,0,0,1,7.1
1101,8.2,61.11,60.0,CSE,Data Science,0,2,2,51.6,70.7,0,0,1,7.37
1102,5.0,83.58,67.21,MCA,Core/Other,2,1,3,57.3,77.3,0,0,0,
1103,9.18,72.28,88.51,CSE,Core/Other,0,2,2,59.7,71.0,1,1,1,8.03
1104,7.17,67.29,83.86,CSE,AI/ML,0,1,1,53.0,63.2,0,1,0,
1105,8.3,72.38,74.37,CSE,Web Dev,0,2,0,64.7,62.6,0,0,1,4.13
1106,6.36,76.34,77.43,MCA,Data Science,1,4,1,83.0,79.1,0,0,0,
1107,7.85,72.56,72.06,IT,AI/ML,1,3,2,37.2,72.0,0,0,1,4.59
1108,6.35,58.15,88.57,ECE,AI/ML,0,1,2,69.8,66.1,1,0,0,
1109,6.74,86.07,73.0,ECE,Cloud/DevOps,0,3,1,63.4,64.5,0,1,1,8.95
1110,9.02,89.47,77.32,IT,Web Dev,0,3,3,63.1,70.2,0,1,0,
1111,7.13,83.86,86.46,IT,Web Dev,3,4,1,77.4,58.0,0,1,1,9.18
1112,7.5,67.76,67.23,IT,Data Science,0,3,1,61.0,77.3,0,1,1,6.58
1113,8.08,76.19,90.59,ECE,Web Dev,2,1,0,69.6,48.9,0,1,1,9.17
1114,7.75,77.94,59.7,CSE,AI/ML,1,2,3,74.3,58.8,1,0,1,5.58
1115,7.44,83.39,91.3,CSE,Web Dev,0,2,6,49.9,74.2,0,0,0,
1116,7.63,84.02,71.27,ECE,Web Dev,1,2,4,66.0,48.0,0,0,1,6.36
1117,9.46,71.39,72.57,MCA,Core/Other,1,3,2,55.0,41.4,0,0,1,8.03
1118,7.25,78.74,56.1,CSE,AI/ML,1,2,1,57.3,65.9,0,1,1,7.35
1119,7.48,82.12,70.45,CSE,Web Dev,1,0,0,53.6,39.6,0,1,0,
1120,8.25,91.1,64.6,Civil,Web Dev,3,1,0,69.4,45.5,0,1,1,8.91
1121,8.29,84.34,68.92,Mech,Cloud/DevOps,1,1,2,61.6,76.3,0,0,0,
1122,8.37,85.1,73.63,ECE,Web Dev,0,1,4,67.9,61.9,0,0,1,7.79
1123,7.87,78.75,84.58,MCA,Web Dev,1,1,1,59.6,84.3,0,1,1,8.52
1124,6.27,90.69,77.08,MCA,Core/Other,1,4,2,27.9,46.9,1,1,0,
1125,8.77,81.69,78.08,Civil,AI/ML,2,2,1,60.6,63.6,0,0,0,
1126,6.27,70.25,64.04,Civil,Data Science,1,1,2,61.3,71.0,0,1,1,4.93
1127,7.57,90.63,66.19,CSE,AI/ML,1,3,0,64.9,47.4,0,1,1,7.27
1128,6.62,84.28,92.99,Mech,Cloud/DevOps,3,1,0,48.1,80.5,0,0,0,
1129,7.24,74.01,67.65,CSE,AI/ML,0,0,3,36.1,72.7,0,0,1,4.88
1130,7.6,73.68,91.56,CSE,Web Dev,0,1,0,72.5,40.9,1,1,0,
1131,7.59,80.67,72.57,ECE,Cloud/DevOps,0,2,2,54.5,64.4,0,1,0,
1132,7.68,82.17,75.02,IT,AI/ML,0,3,2,63.4,70.8,1,0,0,
1133,8.75,79.78,85.7,Civil,Cloud/DevOps,1,2,1,54.4,56.1,0,1,1,7.37
1134,7.71,80.8,87.72,CSE,Data Science,2,1,2,59.9,42.8,0,1,1,6.71
1135,7.08,93.3,73.89,MCA,AI/ML,1,1,0,51.0,69.2,1,1,0,
1136,8.17,87.64,71.12,Mech,Web Dev,1,1,3,40.6,98.2,0,0,1,8.6
1137,8.37,79.72,74.44,Mech,Cloud/DevOps,1,2,5,69.5,59.2,0,1,1,9.86
1138,6.2,86.47,78.38,CSE,Core/Other,3,2,3,47.9,88.5,0,0,1,6.28
1139,7.84,68.71,83.91,IT,Cloud/DevOps,0,3,1,63.3,53.7,0,1,1,8.3
1140,7.93,81.58,75.04,MCA,Core/Other,2,3,0,68.2,68.2,0,1,1,8.02
1141,7.03,94.28,81.19,CSE,Web Dev,0,0,2,48.3,76.6,0,0,0,
1142,8.54,76.04,91.38,Civil,Data Science,0,2,0,35.9,64.9,0,0,1,8.21
1143,7.16,70.37,78.81,Mech,Core/Other,1,2,0,100.0,60.5,0,1,1,9.9
1144,7.41,72.13,78.12,CSE,Data Science,1,2,2,49.4,75.9,0,1,1,5.43
1145,7.14,68.19,59.81,CSE,Cloud/DevOps,3,2,0,72.5,93.4,1,0,0,
1146,7.31,70.94,48.69,CSE,Web Dev,0,2,2,98.8,69.5,0,0,0,
1147,6.31,74.67,78.88,Mech,Core/Other,1,1,3,75.8,57.3,0,0,0,
1148,6.0,65.35,74.05,CSE,Cloud/DevOps,2,0,1,54.0,62.2,0,0,0,
1149,8.74,78.14,69.85,IT,AI/ML,1,1,1,58.7,100.0,0,1,1,8.4
1150,6.54,86.12,77.44,IT,Cloud/DevOps,1,7,3,43.3,67.0,0,1,1,4.98
1151,6.41,69.83,74.4,MCA,Data Science,1,2,1,77.6,56.1,0,1,1,7.44
1152,5.36,91.67,86.28,CSE,Web Dev,1,4,4,71.3,47.8,0,0,0,
1153,6.72,82.6,75.86,CSE,Web Dev,0,2,1,49.7,37.6,2,1,0,
1154,6.11,87.28,67.53,Civil,Cloud/DevOps,2,1,6,39.2,70.5,0,0,1,5.39
1155,8.78,72.08,84.9,Mech,AI/ML,1,2,2,33.6,74.8,0,1,1,6.29
1156,8.21,85.69,72.83,ECE,Data Science,1,2,4,79.7,59.0,0,0,1,8.36
1157,6.68,68.17,80.27,CSE,Cloud/DevOps,1,0,2,62.4,64.8,0,0,0,
1158,9.33,86.01,70.23,IT,Cloud/DevOps,0,2,0,64.3,47.4,0,0,0,
1159,8.18,79.55,68.5,MCA,Web Dev,0,1,4,43.5,67.0,0,0,1,7.17
1160,7.01,82.98,75.84,CSE,Data Science,0,4,1,30.7,72.2,0,1,0,
1161,5.05,67.42,75.13,Mech,AI/ML,0,2,1,79.3,57.0,0,1,0,
1162,9.36,69.94,79.8,MCA,Web Dev,2,1,5,60.8,90.4,0,1,1,6.34
1163,6.05,83.38,72.31,CSE,Cloud/DevOps,3,2,0,78.1,52.4,0,1,1,8.68
1164,5.82,69.46,56.64,Mech,Web Dev,1,3,1,52.3,69.3,0,0,1,5.21
1165,8.22,82.17,70.67,Civil,Web Dev,0,2,0,55.3,77.7,0,0,0,
1166,9.5,65.7,82.94,CSE,Core/Other,0,1,1,74.3,63.8,0,1,1,10.01
1167,8.55,85.63,72.03,MCA,Web Dev,1,1,1,74.6,62.2,1,0,0,
1168,7.81,66.91,72.54,IT,Web Dev,1,3,5,76.0,43.6,2,0,1,8.13
1169,7.84,82.97,84.86,IT,Data Science,1,3,2,54.1,85.4,0,1,1,7.21
1170,8.07,83.63,67.88,CSE,Web Dev,0,4,4,72.3,62.5,0,0,1,6.97
1171,7.98,71.73,59.57,MCA,AI/ML,1,0,1,82.2,73.1,0,0,1,8.5
1172,7.55,83.24,73.39,Civil,Cloud/DevOps,1,3,3,57.9,75.1,0,0,0,
1173,7.39,80.34,70.16,MCA,Data Science,0,3,0,49.7,55.6,0,0,0,
1174,7.24,73.15,65.34,CSE,Web Dev,1,1,0,86.9,62.0,0,0,0,
1175,6.62,68.92,73.25,MCA,AI/ML,0,4,3,46.9,85.0,0,0,0,
1176,7.05,60.34,79.92,IT,Cloud/DevOps,2,0,2,72.6,48.2,0,0,0,
1177,5.78,81.15,74.91,Mech,Data Science,0,1,0,58.8,96.9,0,0,0,
1178,7.21,63.92,78.07,IT,AI/ML,1,3,3,23.2,53.8,0,0,0,
1179,6.41,78.86,93.13,CSE,Web Dev,2,2,2,82.6,47.3,0,1,1,7.9
1180,6.31,75.63,71.57,CSE,Core/Other,0,2,2,4.8,67.0,0,0,0,
1181,7.46,84.11,77.78,ECE,Core/Other,3,1,2,20.3,98.1,0,0,0,
1182,8.55,75.28,69.91,CSE,Data Science,1,4,3,70.5,36.3,0,0,1,9.15
1183,8.13,75.03,66.54,ECE,AI/ML,1,2,1,70.5,62.9,0,0,0,
1184,5.89,84.59,69.15,CSE,Cloud/DevOps,0,2,1,47.2,72.1,0,0,0,
1185,6.41,81.02,70.21,IT,AI/ML,1,1,4,63.0,65.5,0,0,1,6.48
1186,8.15,80.85,78.59,MCA,Core/Other,2,4,1,9.4,70.7,0,1,1,6.3
1187,6.42,82.22,98.49,Civil,Data Science,3,5,3,74.1,54.2,0,1,1,6.19
1188,7.1,64.18,67.84,Civil,Web Dev,0,2,4,65.0,56.0,0,1,0,
1189,7.8,84.81,70.83,CSE,AI/ML,1,2,1,59.1,62.8,0,0,0,
1190,6.43,83.51,74.37,IT,Core/Other,2,0,2,60.4,48.1,0,0,1,6.64
1191,7.39,68.85,78.96,CSE,Cloud/DevOps,2,3,2,69.9,64.3,0,0,1,6.36
1192,6.1,75.8,77.64,MCA,Data Science,3,3,0,59.4,59.2,0,1,0,
1193,6.76,77.65,87.84,MCA,Web Dev,0,7,1,22.5,57.9,0,0,1,4.79
1194,7.59,76.79,50.74,Mech,AI/ML,4,6,1,100.0,69.8,0,0,1,10.36
1195,5.87,81.0,51.13,Civil,Cloud/DevOps,1,3,0,84.0,37.7,0,0,0,
1196,7.7,90.88,70.04,IT,Web Dev,2,4,1,34.3,61.6,0,1,1,6.18
1197,7.28,87.74,85.97,MCA,Core/Other,2,2,2,53.1,99.8,1,1,1,6.56
1198,7.8,66.19,59.34,Mech,Core/Other,3,3,1,55.3,48.7,1,1,1,7.88
1199,7.5,83.6,44.92,Mech,Cloud/DevOps,0,3,4,81.6,84.3,0,0,1,5.74
1200,8.53,89.96,80.71,CSE,Core/Other,1,2,2,16.8,65.8,0,0,1,6.42
1201,7.41,81.48,77.44,IT,Data Science,1,2,1,50.0,56.0,0,1,0,
1202,6.91,87.82,64.1,IT,Cloud/DevOps,2,2,2,24.8,45.2,2,0,0,
1203,7.41,96.11,65.14,CSE,Core/Other,0,3,1,54.3,67.1,0,0,0,
1204,7.79,87.21,65.3,CSE,AI/ML,2,2,2,50.5,86.8,0,1,1,6.78
1205,7.34,80.24,76.11,CSE,Core/Other,1,0,0,61.6,59.2,0,1,0,
1206,7.34,87.41,68.74,ECE,Data Science,1,5,3,47.9,63.8,0,1,1,5.48
1207,6.67,79.3,79.94,CSE,Web Dev,0,2,0,45.0,80.2,0,0,0,
1208,6.7,78.22,46.45,CSE,Web Dev,2,2,0,72.4,70.1,0,0,0,
1209,6.04,74.84,66.43,CSE,Core/Other,1,0,1,69.1,41.4,0,0,0,
1210,8.87,92.07,63.74,Mech,Web Dev,2,4,2,71.0,66.5,0,1,1,9.37
1211,6.18,70.63,72.44,Mech,Core/Other,0,1,1,56.5,87.7,1,1,0,
1212,6.68,91.79,69.62,MCA,Data Science,1,3,2,48.6,64.4,0,1,0,
1213,6.65,82.5,82.98,IT,Web Dev,1,4,1,57.6,23.9,0,1,0,
1214,8.11,65.41,56.41,Civil,AI/ML,1,1,0,70.0,70.8,0,1,1,6.15
1215,7.03,81.31,75.45,CSE,Core/Other,1,1,0,16.5,62.0,0,0,0,
1216,8.42,59.1,80.58,CSE,Web Dev,0,1,1,67.9,37.6,0,1,1,8.54
1217,6.69,83.63,93.57,IT,Data Science,0,2,2,66.2,39.8,0,1,0,
1218,7.55,85.97,70.18,CSE,Data Science,0,1,2,61.2,79.6,2,0,0,
1219,6.55,72.67,78.24,IT,AI/ML,0,3,2,57.0,54.0,0,0,0,
1220,9.23,79.11,56.96,Mech,Data Science,1,4,1,8.7,51.4,0,1,1,6.67
1221,6.23,95.59,51.08,MCA,Data Science,2,2,1,51.2,64.5,0,0,1,3.73
1222,7.58,73.45,83.45,IT,Web Dev,1,4,1,95.8,55.3,0,1,1,9.26
1223,7.87,68.47,74.94,Civil,Core/Other,2,2,0,60.3,66.5,0,0,1,9.54
1224,7.67,91.33,86.79,CSE,Cloud/DevOps,0,4,0,53.9,62.0,0,1,0,
1225,7.13,95.66,61.27,CSE,Data Science,1,3,0,60.3,47.0,0,0,0,
1226,7.18,78.03,80.2,MCA,Data Science,2,1,2,67.1,57.3,0,0,1,7.52
1227,7.34,87.1,93.69,MCA,Cloud/DevOps,0,3,0,73.2,71.6,0,0,1,8.49
1228,7.17,90.07,79.2,CSE,Data Science,1,2,2,55.4,65.6,1,0,1,6.31
1229,8.17,71.32,77.77,IT,Web Dev,0,4,2,68.5,63.8,0,0,0,
1230,9.29,73.63,75.09,ECE,Web Dev,2,2,1,93.5,94.1,0,0,1,7.83
1231,6.8,89.08,59.29,ECE,Cloud/DevOps,0,2,4,80.1,76.0,0,1,1,7.98
1232,6.07,93.17,88.56,MCA,Data Science,1,2,1,100.0,77.8,1,0,0,
1233,7.22,83.07,68.89,IT,Data Science,2,4,3,46.9,62.5,0,1,0,
1234,9.62,70.08,80.04,CSE,Core/Other,2,4,2,93.5,68.3,0,1,1,10.7
1235,6.58,95.88,59.37,IT,Data Science,0,2,1,44.2,58.5,0,1,1,5.53
1236,8.78,73.22,63.21,CSE,Web Dev,2,1,5,67.1,76.7,0,0,0,
1237,8.81,74.98,89.35,Civil,AI/ML,1,1,5,74.6,63.3,0,0,1,8.41
1238,6.8,81.08,71.53,MCA,AI/ML,0,2,0,49.8,68.3,0,0,0,
1239,7.81,91.99,89.53,IT,AI/ML,0,2,3,61.8,67.4,0,1,1,6.82
1240,8.77,85.69,74.22,ECE,AI/ML,2,2,2,78.2,64.7,0,1,1,11.08
1241,6.96,81.73,56.58,MCA,Data Science,0,2,1,45.8,100.0,0,0,1,6.41
1242,7.12,82.17,83.92,IT,Data Science,1,2,3,93.4,55.0,0,0,1,8.13
1243,6.78,78.39,69.1,Mech,Core/Other,0,2,2,32.3,54.9,0,0,0,
1244,6.39,83.02,81.99,Mech,Data Science,1,2,2,98.8,75.4,0,0,1,8.38
1245,6.72,55.23,75.25,ECE,AI/ML,1,2,1,80.0,56.1,0,0,0,
1246,6.2,75.33,59.57,CSE,Cloud/DevOps,1,6,2,58.2,60.6,0,1,0,
1247,7.33,80.17,76.64,MCA,Cloud/DevOps,0,2,0,51.9,48.7,0,0,1,5.1
1248,6.61,67.64,96.96,ECE,Web Dev,2,1,1,49.9,72.4,0,1,0,
1249,7.51,81.48,79.93,CSE,Web Dev,3,3,3,57.3,72.6,0,1,1,6.69
1250,5.9,76.16,74.42,CSE,Data Science,1,2,1,59.0,60.3,0,1,0,
1251,7.6,93.8,85.75,Mech,Cloud/DevOps,1,4,3,85.1,75.7,0,0,1,9.16
1252,8.05,92.16,77.11,CSE,AI/ML,0,3,1,99.4,37.1,1,0,0,
1253,5.51,73.81,77.1,ECE,AI/ML,0,2,2,64.0,54.4,0,0,0,
1254,7.64,76.64,64.08,MCA,AI/ML,2,2,0,43.1,62.5,0,1,0,
1255,8.4,77.33,77.34,IT,Data Science,2,0,0,49.1,47.4,0,0,0,
1256,6.21,73.94,85.35,CSE,Data Science,2,6,0,56.3,38.8,0,0,0,
1257,8.81,79.76,66.64,Mech,Core/Other,2,3,2,39.4,60.4,0,0,0,
1258,7.68,71.18,89.24,IT,AI/ML,2,4,1,36.4,75.4,0,0,1,7.3
1259,6.67,67.82,74.08,MCA,AI/ML,1,0,4,100.0,84.2,0,1,1,8.51
1260,7.25,83.6,66.12,ECE,Data Science,0,0,1,66.1,56.8,0,0,1,8.65
1261,7.8,83.67,84.98,ECE,Data Science,0,2,1,43.3,76.0,0,0,0,
1262,7.37,70.76,72.13,Civil,Core/Other,0,0,1,76.3,74.5,0,0,1,8.47
1263,7.78,86.06,82.6,MCA,Core/Other,0,4,3,36.4,83.3,0,0,0,
1264,6.47,72.32,72.08,IT,Web Dev,3,4,0,38.1,59.7,0,1,1,3.85
1265,7.45,80.28,74.4,Civil,Cloud/DevOps,3,2,5,43.9,38.0,0,0,1,7.9
1266,6.03,85.38,79.94,ECE,AI/ML,2,2,0,93.1,66.1,0,0,0,
1267,7.2,77.7,77.91,IT,AI/ML,1,3,0,54.9,49.8,0,1,0,
1268,6.49,82.09,55.04,CSE,Core/Other,0,1,0,11.2,54.1,0,1,0,
1269,6.64,73.35,63.79,Mech,Core/Other,1,4,1,84.2,60.5,0,0,0,
1270,8.41,76.23,84.29,IT,Web Dev,0,0,3,53.9,59.9,0,0,1,6.55
1271,8.28,76.15,73.68,ECE,Cloud/DevOps,4,3,0,23.0,67.1,0,0,1,7.58
1272,7.85,71.28,69.76,MCA,Web Dev,2,0,0,53.7,75.5,0,0,1,8.55
1273,6.32,76.41,61.41,CSE,Cloud/DevOps,0,6,3,70.4,59.5,0,0,1,8.0
1274,7.02,64.06,64.2,MCA,AI/ML,4,2,3,68.1,70.9,0,0,1,8.71
1275,8.39,73.58,54.78,CSE,Web Dev,2,1,0,96.0,65.2,0,1,1,9.49
1276,7.43,75.44,73.99,IT,Core/Other,2,2,0,42.9,79.0,0,0,1,6.25
1277,9.39,75.69,69.02,MCA,Web Dev,1,4,0,60.9,62.2,0,1,1,7.57
1278,7.65,75.83,65.33,IT,Web Dev,2,1,2,46.0,63.8,0,1,1,8.5
1279,7.47,77.44,74.32,ECE,AI/ML,0,5,1,29.2,59.4,0,1,0,
1280,7.02,82.31,78.64,Mech,Core/Other,0,2,4,77.7,62.6,0,0,1,8.13
1281,7.42,85.87,95.93,ECE,Core/Other,1,1,1,69.3,53.2,0,1,0,
1282,7.16,72.15,59.88,CSE,Data Science,3,1,1,65.7,51.8,0,1,1,6.94
1283,7.94,67.17,86.59,CSE,Data Science,3,0,3,68.5,76.6,0,0,1,9.01
1284,8.16,68.62,84.73,MCA,Data Science,2,4,0,46.3,48.8,0,0,1,7.54
1285,6.59,73.62,67.21,Civil,AI/ML,1,1,2,39.9,60.2,0,0,0,
1286,6.1,74.83,77.03,Mech,Web Dev,1,3,1,60.8,80.2,0,1,0,
1287,5.65,71.07,70.42,Mech,Core/Other,0,4,0,83.2,59.7,0,0,1,4.93
1288,7.76,66.33,76.86,IT,Core/Other,0,5,1,92.2,77.4,0,0,1,8.96
1289,6.31,73.89,90.09,IT,Web Dev,0,1,1,75.9,56.1,0,1,0,
1290,5.36,79.63,81.06,MCA,Core/Other,3,3,2,60.6,49.2,1,0,1,4.43
1291,7.65,83.36,80.09,CSE,Web Dev,2,5,1,65.4,41.1,0,1,1,6.54
1292,9.54,72.98,70.7,CSE,AI/ML,2,2,2,60.2,84.7,0,0,1,8.93
1293,7.29,74.28,60.16,Civil,AI/ML,2,2,1,39.5,47.9,0,1,1,5.61
1294,8.05,69.66,72.92,CSE,AI/ML,0,4,1,60.5,76.2,0,0,1,9.23
1295,7.37,77.72,87.07,CSE,Web Dev,0,0,2,33.3,50.0,0,0,0,
1296,7.21,70.36,59.73,CSE,Web Dev,1,1,4,57.5,84.8,0,1,1,7.78
1297,8.13,83.16,64.45,Civil,Cloud/DevOps,1,5,0,92.7,98.1,0,0,0,
1298,7.04,61.93,76.26,MCA,Core/Other,2,4,2,76.5,39.7,0,0,1,7.85
1299,7.54,74.76,65.15,ECE,Core/Other,0,1,1,41.5,48.7,0,1,1,6.18
1300,7.59,80.71,67.07,Mech,Cloud/DevOps,1,2,0,58.6,76.6,0,0,0,
1301,6.7,79.65,70.76,IT,Cloud/DevOps,0,2,4,43.3,72.7,0,1,0,
1302,8.19,99.0,61.34,MCA,AI/ML,0,2,0,58.7,76.7,0,0,1,9.3
1303,7.14,81.15,65.26,CSE,Cloud/DevOps,2,1,2,80.8,56.4,0,0,0,
1304,6.62,68.96,82.03,CSE,Web Dev,1,3,0,73.1,94.8,0,0,1,7.59
1305,7.78,77.14,61.93,Mech,Data Science,1,1,2,100.0,66.8,0,1,1,6.82
1306,6.49,62.01,59.02,ECE,Web Dev,2,1,2,83.8,46.7,0,0,0,
1307,7.33,77.27,68.7,IT,Cloud/DevOps,3,2,2,64.1,61.2,0,1,1,7.93
1308,7.29,70.5,82.32,IT,Core/Other,0,4,2,73.5,46.9,0,1,1,6.28
1309,8.28,86.24,73.03,MCA,Web Dev,1,3,0,56.0,88.9,0,0,0,
1310,7.73,73.05,70.35,CSE,Core/Other,4,0,0,37.4,55.1,1,1,0,
1311,7.28,76.95,75.44,CSE,Web Dev,2,4,2,86.1,72.4,0,1,1,6.85
1312,8.04,72.28,57.54,CSE,Core/Other,1,2,2,80.2,57.9,0,0,1,8.74
1313,8.55,93.65,79.95,CSE,Web Dev,2,2,2,55.2,55.8,0,0,1,8.29
1314,7.8,75.11,78.83,Mech,Core/Other,2,3,1,65.5,36.3,0,0,1,7.06
1315,7.31,94.49,70.91,CSE,Data Science,0,2,2,84.8,74.0,0,1,1,8.81
1316,6.12,85.33,85.06,CSE,AI/ML,1,1,1,76.9,84.5,1,1,0,
1317,6.34,82.34,63.73,MCA,Web Dev,3,0,1,30.7,51.3,0,0,0,
1318,7.03,81.32,86.28,Mech,Data Science,1,1,0,64.9,41.8,0,0,0,
1319,6.75,81.54,76.54,CSE,AI/ML,0,1,1,56.6,77.0,0,1,0,
1320,7.13,60.65,71.63,CSE,Web Dev,1,2,1,82.3,40.3,0,0,0,
1321,7.35,75.49,74.8,IT,Data Science,0,1,0,80.6,83.3,0,1,1,7.0
1322,7.78,85.61,73.93,ECE,Data Science,2,1,2,86.4,51.4,0,0,0,
1323,7.24,77.56,87.2,MCA,Data Science,2,1,1,37.6,48.5,0,1,1,7.58
1324,7.74,65.35,64.23,Mech,Cloud/DevOps,0,3,1,44.3,68.7,0,1,0,
1325,7.36,77.53,67.37,Civil,Core/Other,0,0,1,82.3,49.4,0,0,0,
1326,5.52,93.34,85.36,ECE,AI/ML,2,1,0,48.2,54.4,0,0,0,
1327,6.45,89.22,69.04,MCA,Core/Other,0,1,0,29.6,70.3,0,0,0,
1328,7.17,77.44,84.01,MCA,Core/Other,5,3,3,70.7,28.6,0,0,1,10.47
1329,6.21,86.56,91.99,CSE,Core/Other,1,4,1,49.1,89.6,0,0,1,3.43
1330,7.84,74.7,70.98,Civil,Data Science,1,1,1,95.8,65.7,0,1,1,7.16
1331,8.68,62.67,81.81,IT,Core/Other,1,2,3,65.9,45.6,0,0,1,10.07
1332,8.4,69.68,63.46,CSE,Cloud/DevOps,1,4,1,63.2,49.7,0,0,1,8.72
1333,7.11,92.07,82.55,ECE,Web Dev,1,2,2,52.6,79.9,0,1,0,
1334,8.64,75.53,76.99,IT,Data Science,2,0,6,91.8,74.0,0,1,1,10.93
1335,7.43,75.81,79.73,MCA,AI/ML,1,0,0,67.2,85.8,0,0,1,7.74
1336,7.0,75.3,68.54,MCA,Web Dev,2,3,3,51.8,54.8,0,1,1,7.03
1337,6.75,95.14,58.39,IT,Web Dev,0,4,2,44.1,69.4,0,1,1,5.77
1338,7.03,92.63,80.03,Mech,Web Dev,2,0,3,58.5,71.4,0,0,1,7.54
1339,6.95,97.97,54.37,CSE,Core/Other,1,0,1,40.4,75.4,0,0,1,6.57
1340,7.45,76.57,71.83,IT,Core/Other,0,2,1,80.6,81.9,0,0,1,9.86
1341,7.44,80.66,84.41,MCA,Data Science,1,1,4,23.8,54.2,0,1,0,
1342,7.3,64.35,76.92,ECE,Core/Other,5,3,3,57.2,63.3,0,1,1,8.19
1343,7.69,91.29,94.48,ECE,Core/Other,3,1,1,72.2,55.8,2,1,0,
1344,8.37,67.49,85.25,IT,Core/Other,3,5,1,66.8,64.2,0,0,1,8.77
1345,8.15,79.95,68.46,ECE,Data Science,2,0,1,45.7,75.5,0,0,1,9.84
1346,5.96,68.12,75.27,CSE,Data Science,1,1,0,73.2,40.2,0,1,0,
1347,5.0,72.7,74.53,Civil,Cloud/DevOps,2,2,2,42.3,81.6,0,0,0,
1348,8.14,70.46,59.18,IT,Cloud/DevOps,0,2,0,59.6,47.9,0,0,0,
1349,6.07,72.53,65.6,ECE,Cloud/DevOps,1,2,2,73.0,60.4,0,0,0,
1350,7.1,73.15,69.39,CSE,Cloud/DevOps,0,2,2,69.3,83.7,0,1,0,
1351,6.25,73.07,54.64,CSE,Web Dev,1,2,3,46.5,69.9,0,0,0,
1352,5.68,85.5,75.47,MCA,Web Dev,2,2,3,83.9,70.1,2,0,0,
1353,7.79,68.06,72.51,Mech,Cloud/DevOps,1,1,2,61.7,47.3,0,1,1,6.11
1354,7.98,79.98,58.27,MCA,Cloud/DevOps,4,2,2,74.9,49.3,0,1,0,
1355,6.78,88.96,79.04,Civil,AI/ML,0,1,2,90.6,79.1,0,1,1,6.82
1356,5.0,73.38,82.16,MCA,Web Dev,1,2,3,82.4,56.2,0,1,0,
1357,6.81,71.54,77.27,MCA,AI/ML,2,1,3,82.4,57.6,0,0,1,5.01
1358,7.65,75.93,71.76,CSE,AI/ML,1,0,2,63.9,79.5,0,0,1,6.62
1359,5.97,88.62,80.91,Mech,Core/Other,1,3,3,75.9,49.3,0,1,0,
1360,7.47,79.75,81.8,CSE,Data Science,1,2,1,64.3,69.0,0,0,1,4.91
1361,7.29,73.22,78.07,Mech,Web Dev,0,1,3,35.8,65.6,0,1,0,
1362,7.82,82.35,66.75,Mech,Cloud/DevOps,1,3,2,66.1,65.0,0,1,1,7.4
1363,7.41,68.08,77.77,Civil,Cloud/DevOps,2,1,0,65.1,57.2,0,0,0,
1364,6.42,84.13,86.95,MCA,Data Science,2,2,1,71.7,56.3,0,0,0,
1365,8.38,81.68,69.03,ECE,Web Dev,2,2,0,57.4,48.8,0,0,1,6.8
1366,7.16,75.23,95.98,ECE,Cloud/DevOps,0,1,6,44.8,72.2,0,0,0,
1367,7.28,70.45,69.74,CSE,Cloud/DevOps,1,7,0,73.1,55.0,0,0,0,
1368,6.46,70.02,75.32,MCA,Core/Other,1,1,0,33.7,79.5,0,1,0,
1369,6.9,82.81,68.28,CSE,AI/ML,2,3,0,89.2,61.6,0,0,1,7.06
1370,6.5,89.06,77.23,MCA,Cloud/DevOps,0,1,1,55.4,49.1,1,1,1,4.14
1371,7.14,72.26,57.58,CSE,Web Dev,1,1,1,64.9,61.4,0,0,0,
1372,8.84,82.13,69.54,CSE,Data Science,1,2,1,71.2,58.8,0,0,1,8.3
1373,6.07,59.22,64.08,IT,Core/Other,2,2,1,71.8,80.1,0,0,0,
1374,5.85,72.74,76.35,IT,Web Dev,1,1,5,31.8,59.5,0,1,0,
1375,8.62,77.72,84.94,MCA,Core/Other,3,3,3,76.5,60.9,1,0,1,9.26
1376,7.11,69.81,81.46,CSE,AI/ML,0,0,2,66.1,86.2,0,0,0,
1377,6.7,69.57,51.28,MCA,Cloud/DevOps,1,4,1,47.3,72.6,0,1,0,
1378,8.24,71.99,95.42,CSE,Web Dev,2,0,1,45.0,89.9,0,0,1,8.38
1379,6.75,80.63,77.95,MCA,Data Science,0,4,1,53.3,83.9,0,0,1,6.92
1380,8.94,76.31,67.24,MCA,AI/ML,0,0,0,34.0,51.7,0,0,0,
1381,7.91,57.86,76.57,MCA,AI/ML,1,0,1,94.4,79.8,0,0,1,7.84
1382,6.86,58.91,76.76,ECE,Core/Other,3,1,0,89.7,87.9,0,0,0,
1383,9.24,72.54,68.33,IT,AI/ML,1,2,3,69.0,88.0,0,0,1,9.69
1384,6.75,82.12,76.98,ECE,Web Dev,0,2,4,55.5,79.8,1,0,1,5.03
1385,7.97,53.27,68.93,IT,Core/Other,0,3,1,56.1,79.5,0,1,1,7.69
1386,7.57,73.5,70.96,MCA,AI/ML,1,3,0,75.2,60.5,0,1,1,6.44
1387,8.47,73.26,68.14,ECE,Data Science,0,3,1,95.2,52.4,0,1,1,9.16
1388,8.71,90.5,60.67,CSE,Web Dev,0,0,0,48.6,59.7,0,1,1,7.37
1389,7.33,74.53,76.46,ECE,Data Science,0,1,1,37.6,40.0,0,0,0,
1390,6.62,81.45,80.85,MCA,Data Science,3,1,2,91.0,85.1,0,1,1,7.47
1391,7.71,79.27,80.15,IT,Core/Other,0,1,0,24.3,60.8,0,0,0,
1392,6.69,58.82,83.2,CSE,Cloud/DevOps,1,2,0,39.8,84.4,0,1,0,
1393,9.11,84.91,78.24,CSE,Core/Other,1,4,0,55.1,46.5,0,0,1,11.11
1394,7.42,79.94,69.67,Civil,Web Dev,1,2,0,28.8,81.2,1,0,0,
1395,6.97,82.57,83.4,ECE,Web Dev,1,5,0,82.2,57.6,0,1,1,8.14
1396,7.47,99.0,61.42,CSE,Core/Other,1,1,1,77.1,45.7,1,1,0,
1397,6.09,59.24,65.99,IT,Cloud/DevOps,2,3,4,48.5,89.4,1,1,1,5.84
1398,6.43,93.52,65.36,MCA,Core/Other,0,1,2,85.6,81.6,1,0,0,
1399,8.38,75.41,85.8,Mech,Web Dev,1,2,2,89.0,68.2,0,0,1,9.72
1400,6.71,80.59,84.43,CSE,Cloud/DevOps,1,1,3,57.7,65.5,0,0,1,5.31
1401,6.36,77.59,79.87,CSE,Web Dev,1,1,2,51.0,71.6,1,0,0,
1402,7.78,74.18,85.72,Mech,Cloud/DevOps,1,2,2,100.0,67.9,0,0,0,
1403,8.37,72.87,66.21,CSE,Cloud/DevOps,0,2,3,74.4,53.1,0,0,1,7.67
1404,7.95,80.97,78.49,CSE,Core/Other,0,2,1,65.1,58.8,0,0,0,
1405,8.2,64.35,73.75,Civil,Core/Other,1,4,1,87.3,94.4,0,0,1,7.14
1406,6.62,84.76,83.47,MCA,Core/Other,1,1,2,66.0,100.0,0,1,1,8.32
1407,6.02,74.25,73.85,CSE,Cloud/DevOps,0,2,0,49.9,88.4,0,1,0,
1408,8.65,67.83,71.15,CSE,Cloud/DevOps,1,2,0,61.6,72.2,0,0,1,9.44
1409,7.01,73.95,80.41,CSE,Web Dev,4,3,3,80.8,59.9,0,0,1,9.69
1410,7.07,89.31,83.76,CSE,Data Science,2,3,1,20.2,53.0,0,0,0,
1411,8.5,73.18,68.32,Mech,Core/Other,1,3,0,54.2,54.0,0,0,1,9.24
1412,7.8,81.23,74.39,IT,Web Dev,0,6,2,87.7,56.7,0,1,1,8.36
1413,7.71,71.42,64.42,ECE,Web Dev,1,1,3,49.8,97.3,0,1,1,5.68
1414,9.25,84.82,50.02,Mech,AI/ML,1,4,4,90.9,92.1,0,1,1,10.09
1415,6.72,84.17,77.0,IT,Core/Other,1,4,1,88.3,76.2,0,0,1,5.97
1416,8.14,94.64,81.09,CSE,Web Dev,1,4,2,58.7,50.6,0,1,0,
1417,7.35,76.42,77.62,MCA,AI/ML,2,4,0,48.6,78.4,0,0,1,7.95
1418,7.54,84.02,55.5,Mech,Core/Other,1,0,1,54.3,61.4,0,0,0,
1419,8.68,78.88,71.49,Mech,Cloud/DevOps,0,1,2,100.0,32.7,0,0,1,10.43
1420,7.76,89.66,52.82,CSE,AI/ML,2,2,5,97.5,69.3,0,1,0,
1421,7.78,71.53,88.7,ECE,Cloud/DevOps,0,0,1,62.5,52.4,2,0,0,
1422,8.27,84.71,64.14,MCA,Data Science,2,2,2,47.8,52.9,0,0,0,
1423,6.97,76.25,87.55,Mech,Data Science,2,3,2,62.3,61.2,0,1,1,9.72
1424,6.54,77.42,84.46,CSE,Data Science,0,7,3,64.9,57.5,0,0,0,
1425,6.36,78.83,65.99,MCA,Data Science,2,4,3,35.1,64.5,0,0,1,3.63
1426,5.53,80.27,63.67,Mech,Web Dev,0,2,3,61.6,63.8,2,0,0,
1427,9.15,76.95,78.5,IT,Data Science,2,2,1,86.4,36.9,0,0,1,10.81
1428,6.31,79.93,66.56,MCA,Web Dev,0,4,0,24.0,87.8,0,1,0,
1429,7.1,92.2,76.02,CSE,Web Dev,3,1,1,76.5,50.2,0,0,1,7.79
1430,7.05,86.87,70.17,CSE,Core/Other,1,1,2,87.5,50.7,0,0,0,
1431,7.58,85.82,57.19,IT,Web Dev,1,4,2,48.8,60.1,0,0,0,
1432,8.03,73.9,52.7,Civil,Web Dev,1,4,1,93.9,63.4,0,1,1,8.79
1433,8.07,70.0,77.27,IT,Data Science,2,5,1,46.2,86.9,0,0,1,8.19
1434,6.78,86.6,69.38,MCA,Web Dev,1,0,0,68.8,69.0,0,1,0,
1435,7.15,85.88,69.47,ECE,Cloud/DevOps,2,1,1,53.9,73.5,0,0,0,
1436,7.55,91.25,81.96,CSE,Data Science,2,1,4,53.9,69.1,0,0,0,
1437,7.08,72.56,86.73,MCA,AI/ML,0,0,1,47.7,68.5,0,1,0,
1438,8.75,75.93,72.27,ECE,Data Science,0,1,1,74.0,69.6,0,0,0,
1439,7.74,63.24,71.59,Mech,Web Dev,1,1,1,77.0,36.0,0,0,0,
1440,7.96,74.47,80.0,MCA,Cloud/DevOps,2,0,0,58.7,61.3,0,0,1,8.64
1441,7.9,86.97,61.43,ECE,Data Science,1,5,0,32.8,82.4,0,0,1,7.71
1442,8.36,73.8,77.23,CSE,Cloud/DevOps,2,1,0,68.1,100.0,0,0,1,8.71
1443,7.46,83.76,80.52,Civil,AI/ML,0,1,0,68.4,46.9,0,1,0,
1444,6.13,76.29,81.8,CSE,AI/ML,0,2,1,55.7,71.3,0,1,0,
1445,7.66,80.92,55.63,ECE,Core/Other,2,7,2,97.3,56.4,0,0,1,9.31
1446,6.71,67.67,67.39,CSE,Core/Other,0,5,2,28.7,95.7,0,0,1,6.02
1447,6.82,78.77,66.22,Civil,Data Science,2,3,1,15.7,44.7,0,1,0,
1448,7.83,51.08,76.0,ECE,Core/Other,1,0,0,45.4,74.4,0,0,1,9.9
1449,8.41,76.32,79.81,ECE,Cloud/DevOps,2,1,2,74.2,43.9,0,0,1,6.82
1450,7.32,63.33,89.97,CSE,Core/Other,2,3,0,38.9,60.2,0,1,1,6.85
1451,7.58,88.85,70.05,IT,Cloud/DevOps,1,0,2,40.4,64.5,0,1,0,
1452,8.83,85.0,70.02,MCA,Core/Other,1,1,2,79.0,81.0,0,1,1,9.87
1453,7.52,82.2,86.5,ECE,Core/Other,1,1,2,69.3,48.8,0,1,1,5.45
1454,9.64,91.69,77.97,CSE,Core/Other,0,5,2,67.5,75.0,0,1,1,7.2
1455,7.81,69.46,87.68,Civil,Web Dev,1,3,0,75.6,65.3,0,0,1,7.04
1456,5.72,93.73,77.89,Mech,Web Dev,2,2,3,51.5,69.1,0,1,0,
1457,7.98,86.39,63.43,CSE,Core/Other,2,4,4,52.4,79.4,0,0,1,6.94
1458,7.64,75.87,61.67,Mech,Cloud/DevOps,3,2,2,76.2,45.8,0,0,1,7.76
1459,8.46,88.22,59.48,MCA,Data Science,0,1,1,33.1,77.2,0,0,0,
1460,7.91,68.04,81.62,MCA,AI/ML,1,3,3,17.1,56.5,0,1,0,
1461,7.18,70.58,86.89,IT,Web Dev,1,1,0,51.3,81.4,0,0,0,
1462,6.2,72.52,93.49,MCA,Core/Other,2,3,2,78.6,70.0,1,1,1,7.66
1463,7.11,73.24,83.43,ECE,AI/ML,2,5,2,65.1,61.9,0,1,1,6.86
1464,6.53,68.49,86.63,IT,Web Dev,3,2,1,77.1,56.1,0,0,1,10.01
1465,6.78,89.01,69.2,MCA,Data Science,1,2,1,19.7,77.3,0,1,1,5.78
1466,7.83,75.67,63.44,ECE,Cloud/DevOps,1,1,0,66.3,83.9,0,1,1,6.37
1467,8.8,81.17,83.5,ECE,Core/Other,2,3,2,73.1,57.0,0,1,1,9.32
1468,7.66,72.87,79.18,CSE,Data Science,0,4,2,33.0,48.0,0,0,0,
1469,6.22,61.61,76.07,Mech,Web Dev,1,1,2,77.2,75.4,0,1,1,5.59
1470,7.7,80.43,78.87,IT,Core/Other,1,5,2,57.8,43.3,0,1,1,5.9
1471,8.38,60.79,78.23,CSE,AI/ML,2,2,1,100.0,45.4,0,0,1,9.55
1472,6.75,77.38,87.84,CSE,Cloud/DevOps,1,3,1,16.5,49.1,0,0,0,
1473,7.18,65.69,87.95,MCA,Web Dev,2,1,1,87.4,58.8,0,0,1,9.76
1474,7.31,95.89,80.44,Mech,Cloud/DevOps,0,4,3,52.1,45.0,0,1,1,7.13
1475,6.59,86.2,83.46,IT,Core/Other,1,0,4,27.7,35.9,0,0,0,
1476,7.88,78.95,80.14,ECE,Data Science,1,5,1,49.5,48.0,0,0,1,7.59
1477,7.19,89.37,70.39,CSE,Cloud/DevOps,0,4,1,65.5,74.6,0,1,0,
1478,7.68,70.38,82.57,MCA,AI/ML,1,2,4,80.7,45.9,0,0,1,6.16
1479,6.5,82.89,61.06,Civil,Web Dev,1,3,1,94.4,59.9,1,1,1,5.95
1480,6.91,79.8,85.54,ECE,AI/ML,0,1,1,88.4,94.2,0,0,0,
1481,7.95,80.38,63.05,CSE,Cloud/DevOps,2,2,1,40.7,64.3,0,0,0,
1482,6.96,89.45,77.86,MCA,Data Science,0,1,1,82.6,70.1,0,0,1,6.78
1483,8.85,84.59,66.55,CSE,Data Science,2,5,2,67.8,50.8,0,1,1,8.53
1484,6.94,80.6,80.53,IT,AI/ML,2,1,0,46.9,97.5,0,1,0,
1485,7.5,63.11,74.66,ECE,Core/Other,1,3,1,55.8,56.9,0,1,1,7.39
1486,8.14,69.36,59.05,ECE,Core/Other,0,2,2,45.8,61.6,0,1,1,8.16
1487,6.02,76.9,79.21,CSE,Data Science,1,3,0,60.7,84.8,0,0,0,
1488,5.72,78.84,69.22,Civil,AI/ML,1,0,2,45.4,62.3,0,0,0,
1489,5.93,67.83,83.81,MCA,AI/ML,2,4,2,39.4,65.7,0,0,0,
1490,8.44,99.0,75.01,IT,AI/ML,1,1,2,69.6,60.8,0,1,1,9.78
1491,6.8,91.65,78.95,MCA,Cloud/DevOps,1,2,0,72.6,60.9,0,1,0,
1492,9.6,83.42,65.42,MCA,Core/Other,0,2,1,56.2,70.6,0,0,0,
1493,6.79,78.65,69.11,MCA,Core/Other,1,2,1,87.4,73.3,1,1,0,
1494,7.47,76.09,70.41,MCA,Cloud/DevOps,1,1,2,54.8,55.4,0,1,1,5.87
1495,8.69,69.43,83.57,MCA,Web Dev,2,2,1,53.9,53.5,0,0,0,
1496,9.11,78.7,91.77,CSE,Cloud/DevOps,3,0,3,73.2,55.9,0,1,1,8.49
1497,9.16,80.32,66.95,Mech,AI/ML,1,5,1,57.4,44.0,0,0,1,8.61
1498,8.39,66.82,85.77,MCA,Cloud/DevOps,0,4,4,61.7,41.1,0,1,1,7.86
1499,8.22,81.01,53.3,CSE,AI/ML,2,5,0,9.6,69.5,0,0,1,6.83
1500,7.83,76.6,63.06,ECE,Data Science,2,2,0,60.3,79.1,0,0,1,7.74
